Date/Time,Environment:Site Outdoor Air Drybulb Temperature [C](Daily),Environment:Site Outdoor Air Relative Humidity [%](Daily),Environment:Site Wind Speed [m/s](Daily),Environment:Site Wind Direction [deg](Daily),Environment:Site Horizontal Infrared Radiation Rate per Area [W/m2](Daily),Environment:Site Diffuse Solar Radiation Rate per Area [W/m2](Daily),Environment:Site Direct Solar Radiation Rate per Area [W/m2](Daily),THERMAL ZONE: BOX:Zone Outdoor Air Wetbulb Temperature [C](Daily),THERMAL ZONE: BOX:Zone Outdoor Air Wind Speed [m/s](Daily),THERMAL ZONE: BOX:Zone Mean Air Temperature [C](Daily) 
 01/01,0.404166667,71,4.841666667,307.0833333,256.6666667,18.74305556,14.95833333,-1.316151642,2.286238379,4.621008264
 01/02,-0.59375,58.34027778,4.324305556,320.6597222,241.5208333,17.08333333,86.83333333,-3.007805914,2.041940102,4.850692219
 01/03,-2.038541667,83.57986111,2.209375,183.2986111,244.6666667,16.1875,91.75,-2.947567706,1.043268417,4.626461386
 01/04,2.471875,81.92708333,6.407638889,164.0625,285.0763889,15.625,1.625,1.314489226,3.025691556,4.885247863
 01/05,4.140972222,94.40625,5.879861111,185.7986111,299.8680556,13.0625,0,3.766719219,2.776474521,5.689632819
 01/06,4.688541667,83.02430556,3.448958333,294.9652778,281.2569444,17.99305556,86.48611111,3.476178324,1.628600532,5.460461126
 01/07,4.623958333,89.16666667,3.005208333,213.9583333,291.4166667,19.04861111,5.916666667,3.882495407,1.419061473,4.769308284
 01/08,7.385763889,78.52083333,4.287847222,273.6458333,304.4826389,18.82986111,6.166666667,5.751535669,2.024724451,6.727485407
 01/09,7.648611111,74.05902778,6.466666667,257.8819444,307.7604167,19.04166667,4.25,5.550002305,3.053564514,7.156090396
 01/10,8.515277778,74.6875,7.111111111,266.7013889,310.9097222,18.72916667,4.583333333,6.454388193,3.35787163,7.772020153
 01/11,2.569791667,67.82291667,4.222222222,286.9444444,266.4618056,22.19791667,73.78472222,0.418856153,1.99373628,7.531353736
 01/12,1.685416667,66.11805556,4.246180556,302.3263889,259.8645833,21.79513889,50.04166667,-0.47374326,2.005049422,6.42644692
 01/13,5.184027778,82.45138889,3.165277778,230.2430556,296.3159722,22.88310185,6.791666667,3.97207525,1.494646376,4.927972828
 01/14,7.639930556,89.47916667,4.601736111,211.9791667,314.5590278,21.39351852,5.75,6.820621159,2.172943004,5.442840205
 01/15,7.926736111,88.31944444,4.653125,200.7986111,324.1006944,21.76041667,5.541666667,6.980784301,2.197208873,7.300103408
 01/16,8.120138889,83.94097222,8.436458333,190.2430556,323.40625,15.43634259,0,6.815210795,3.983701513,7.860519819
 01/17,5.307291667,89.98263889,7.029513889,193.75,301.4236111,15.68634259,0,4.532026561,3.319341365,7.230815258
 01/18,3.204513889,79.45486111,4.895486111,205.8333333,270.3055556,24.7650463,52.1712963,1.809009686,2.311651959,6.977870535
 01/19,3.216666667,86.39236111,6.304166667,178.0902778,279.6145833,18.29398148,0.791666667,2.283063439,2.9768319,5.969717967
 01/20,4.164236111,82.22569444,5.664236111,211.1458333,282.7465278,25.96296296,38.125,2.86627776,2.674656245,5.204088512
 01/21,4.957638889,79.89930556,7.299305556,203.5763889,286.3159722,21.08449074,15.875,3.480451351,3.446737178,4.95866338
 01/22,3.91875,78.16666667,5.521180556,224.1666667,283.2256944,17.82407407,0,2.3850523,2.607105312,5.995729153
 01/23,5.224652778,67.39930556,7.550694444,250.5555556,281.3263889,26.57291667,77.95833333,2.753783576,3.565443187,6.575359677
 01/24,5.043402778,74.17013889,4.949305556,231.1458333,279.6770833,27.8125,12.08333333,3.152529028,2.337065538,7.054141329
 01/25,5.351388889,93.43055556,3.975694444,134.5486111,306.5381944,18.80902778,0,4.825024493,1.877325692,6.644245561
 01/26,3.39375,82.42013889,5.878472222,282.8125,287.09375,22.49652778,13.125,2.221129938,2.775818686,6.75447707
 01/27,2.621875,87.06597222,4.178125,192.1875,280.8333333,19.96875,0,1.787517908,1.972913541,4.348657619
 01/28,7.847222222,76.58680556,5.95,233.8194444,299.7673611,31.00694444,34.83333333,5.945063226,2.809594153,5.35453311
 01/29,6.754513889,83.51041667,3.684027778,198.9930556,313.1145833,30.77777778,12,5.48535255,1.739600488,7.277531174
 01/30,1.898611111,74.58680556,2.699652778,165.3125,261.03125,25.66898148,103.6458333,0.231923718,1.274777926,7.19486548
 01/31,9.070486111,88.08680556,9.353819444,203.5416667,330.7708333,27.24421296,7.458333333,8.088054948,4.41688007,7.576896452
 02/01,-0.909027778,82.75347222,2.604166667,150.7291667,258.5590278,33.68981481,21.29166667,-1.881176953,1.229689318,6.825740568
 02/02,3.546180556,98.22222222,2.8125,150.1388889,305.3506944,22.84722222,0,3.430245704,1.328064463,6.590693106
 02/03,5.735416667,93.74652778,1.284027778,258.5416667,313.6458333,24.89467593,0,5.275037017,0.606318813,5.851921536
 02/04,5.857291667,89.54513889,2.25,167.7777778,309.4340278,30.25347222,10,5.089138918,1.06245157,5.868468749
 02/05,8.368055556,86.97222222,5.715625,206.9097222,322.5138889,37.06018519,12.54166667,7.326547591,2.698922114,7.875951015
 02/06,9.749652778,73.17708333,5.888541667,245.7986111,318.4236111,37.43981481,51.25,7.426444568,2.780573485,9.442361793
 02/07,5.843402778,78.89583333,2.986458333,220.7986111,287.0347222,31.45833333,6.208333333,4.27461472,1.410207709,8.892254049
 02/08,8.903472222,89.84027778,3.730555556,222.9166667,316.3611111,36.92824074,20.08333333,8.04094437,1.761570937,8.791422945
 02/09,8.302430556,89.12152778,5.177777778,180.8333333,322.6284722,26.82986111,0,7.408386628,2.444950281,8.913266046
 02/10,5.435763889,71.48263889,6.058333333,226.875,287.0277778,40.76388889,89.39351852,3.289025939,2.860749229,7.739337816
 02/11,2.984375,93.33680556,1.109375,123.0902778,283.28125,28.35069444,0,2.54944852,0.523847649,6.082239694
 02/12,2.788888889,81.14930556,1.770833333,255,284.6423611,41.54166667,28.125,1.522846574,0.836188736,6.65631991
 02/13,2.128819444,84.96180556,2.215625,124.9652778,285.3506944,40.50694444,13.625,1.162442836,1.046219671,6.669692232
 02/14,1.980902778,89.25347222,2.712847222,134.5486111,281.4513889,44.03125,17.91666667,1.307475242,1.281008352,6.753268868
 02/15,1.11E-16,80.87152778,1.582986111,210.4166667,252.6423611,30.22685185,158.2083333,-1.200835139,0.747487147,6.72697505
 02/16,-0.363194444,81.91666667,2.543055556,330.2430556,266.2847222,47.7962963,48.21064815,-1.42947028,1.200832608,6.637790675
 02/17,0.555208333,77.94791667,3.695486111,267.9166667,269.8194444,45.65393519,85.06944444,-0.814021689,1.745011121,5.547847433
 02/18,-0.090277778,73.59375,3.632638889,198.0208333,253.5625,42.33680556,130.1469907,-1.705061824,1.715334619,5.378472864
 02/19,0.275694444,78.53819444,1.816319444,252.2916667,254.2326389,30.50115741,184.9282407,-1.095565518,0.857667309,6.701364593
 02/20,-0.55,76.70138889,3.804513889,34.16666667,253.4548611,41.80208333,140.25,-1.993070956,1.796494114,7.195599034
 02/21,2.085416667,82.35416667,3.833680556,39.09722222,285.4444444,50.27662037,17.91666667,0.949122337,1.810266634,6.878184472
 02/22,4.34375,75.77083333,3.416319444,278.1597222,296.5381944,53.03819444,21.33333333,2.625003754,1.613188426,7.285652494
 02/23,2.386805556,81.85763889,1.501736111,52.60416667,295.9791667,37.34027778,0,1.236049498,0.70912084,7.114900023
 02/24,0.770138889,77.15972222,3.236805556,111.0763889,276.2048611,55.81712963,28,-0.682903999,1.528421843,5.310091332
 02/25,-0.323263889,74.40625,2.636458333,107.8125,261.2222222,58.66319444,48.58333333,-1.913423271,1.244937465,4.655662416
 02/26,4.564583333,87.35416667,3.999652778,166.5277778,308.5798611,39.35069444,0.041666667,3.735269494,1.888638833,6.128385674
 02/27,10.18993056,88.68402778,2.905902778,223.9236111,324.2361111,57.84027778,15.70833333,9.197926162,1.37216932,8.409594613
 02/28,9.727430556,80.75347222,2.571180556,249.2708333,316.3541667,60.69097222,32.54166667,8.025656417,1.214113253,9.841193349
 03/01,1.327083333,80.86111111,6.1625,52.5,278.3402778,58.34722222,53.70833333,0.147417134,2.909936801,9.359054188
 03/02,2.739583333,76.5625,7.411805556,54.16666667,297.4375,40.25578704,0,1.223320036,3.499859757,8.484205142
 03/03,2.371875,74.81597222,5.373958333,48.92361111,293.75,43.46412037,1,0.77058923,2.537586876,6.76165086
 03/04,1.964236111,65.16319444,3.622222222,102.4305556,281.7673611,62.80787037,26.54166667,-0.327049534,1.710415862,6.427860543
 03/05,5.613888889,77.39930556,3.957638889,308.3680556,307.34375,60.99421296,12.08333333,3.988373261,1.868799846,8.105313977
 03/06,6.153125,81.10416667,2.528125,292.5347222,311.4895833,58.87152778,7.583333333,4.74983767,1.19378239,9.354749296
 03/07,6.083333333,74.84027778,1.751736111,180.1041667,312.4895833,47.32060185,3.958333333,4.198207687,0.827171014,9.59305083
 03/08,5.339236111,73.23611111,3.050347222,129.7222222,290.7083333,57.31134259,71.91666667,3.32684296,1.440376087,9.852351105
 03/09,2.754166667,73.15277778,3.154166667,129.7222222,259.9513889,47.42361111,188.5081019,0.746427831,1.489399702,9.970305243
 03/10,6.235416667,85.28472222,2.582986111,196.4583333,308.8090278,68.81018519,12.08333333,5.087369732,1.219687845,8.719395691
 03/11,7.941666667,73.27083333,2.807986111,169.6527778,299.0486111,71.47222222,82.29166667,5.613283926,1.325933002,9.070688493
 03/12,7.016666667,83.18055556,3.108680556,178.0902778,297.3368056,66.9375,32.375,5.709272912,1.467921128,10.20952654
 03/13,10.15486111,68.80208333,3.458333333,166.8402778,302.2256944,53.19444444,182.9583333,7.061864002,1.633027414,11.47242509
 03/14,9.143055556,77.81597222,2.815277778,190.6597222,310.4930556,78.21875,31.41666667,7.166868686,1.329376132,11.9754507
 03/15,11.22777778,74.26041667,3.217708333,203.9583333,315.3055556,47.80208333,208.4583333,8.587983088,1.519404121,12.64588259
 03/16,9.424652778,70.40972222,5.238194444,257.3263889,306.6458333,57.6875,6.625,6.873354372,2.473479073,12.42822536
 03/17,11.16215278,70.56597222,5.315972222,237.9166667,317.8055556,79.70486111,24.58333333,8.44704865,2.510205794,10.5887963
 03/18,8.522569444,68.4375,5.075347222,276.6666667,307.9548611,80.76388889,31,5.925570626,2.396582501,10.33094478
 03/19,6.017013889,59.94791667,3.5875,271.9791667,280.8472222,61.81597222,189.0416667,2.844258911,1.694020004,10.6376059
 03/20,7.546527778,59.29166667,3.7125,240.0347222,301.4513889,77.69444444,67.875,4.238739374,1.753045091,11.35615792
 03/21,8.913541667,86.48263889,3.933333333,222.5,318.3784722,62.18171296,4.083333333,7.814301341,1.857322745,11.10789721
 03/22,8.297569444,70.79861111,4.414930556,254.0625,306.6180556,75.66550926,126.775463,5.846866423,2.08473329,11.47267603
 03/23,5.804513889,58.80555556,5.268402778,259.4791667,275.9583333,74.02662037,165.7581019,2.593999532,2.487743469,11.39210874
 03/24,5.519444444,63.76736111,4.390277778,293.6458333,277.6805556,90.89814815,101.5844907,2.709841011,2.073092231,9.738288393
 03/25,4.6125,61.23611111,2.725694444,137.8819444,269.0763889,52.71180556,236.2916667,1.641721868,1.287074819,9.709646259
 03/26,2.614583333,67.19791667,1.829861111,120.2777778,259.4618056,71.66319444,197.75,0.194592877,0.864061694,10.55285751
 03/27,3.965972222,66.20138889,2.816319444,181.8402778,291.0243056,85.44444444,15.375,1.513635005,1.329868007,10.35705218
 03/28,5.909027778,61.81944444,3.257986111,166.7708333,300.5451389,86.23263889,17.25,2.933802226,1.538423316,10.20720968
 03/29,7.638194444,65.01388889,4.113541667,167.1527778,307.5104167,90.25,21.79166667,4.850419435,1.942417246,10.50034903
 03/30,9.732291667,73.32291667,5.420833333,207.8819444,315.2395833,78.38541667,10.79166667,7.381918986,2.559721284,11.14473318
 03/31,5.821527778,89.47222222,3.159375,160,294.59375,72.47916667,25.125,5.008679522,1.49185908,9.081482221
 04/01,9.514236111,81.60763889,6.244444444,229.1666667,318.3402778,84.26388889,18.54166667,7.902914471,2.948631025,9.734024301
 04/02,9.368402778,87.65277778,6.683333333,220.0694444,320.25,69.26967593,2.041666667,8.324530629,3.155874665,12.00530757
 04/03,6.650694444,73.48611111,4.231944444,233.9583333,286.0451389,86.64930556,184.8472222,4.509439701,1.99832712,12.61518074
 04/04,6.929166667,77.22916667,7.288888889,195.0694444,301.2673611,92.76736111,52.29166667,5.076015521,3.441818421,12.86247936
 04/05,7.423611111,73.56944444,5.865625,249.1319444,310.2152778,103.9953704,41.04166667,5.240329009,2.769752219,12.44103614
 04/06,6.422222222,80.56597222,6.037152778,210.9375,290.2673611,86.65509259,14.33333333,4.93630179,2.850747755,11.92710125
 04/07,8.003125,68.64930556,5.921527778,246.0763889,297.6736111,101.181713,62.54166667,5.409516079,2.79614955,10.85466306
 04/08,9.209027778,74.13194444,4.109027778,240.3472222,311.6875,104.4409722,67.875,6.922834034,1.940285785,11.07850552
 04/09,9.643055556,77.43402778,4.628819444,215.7638889,304.9930556,96.60763889,144.0833333,7.582439576,2.185731772,13.36932888
 04/10,11.14201389,72.32986111,5.194791667,180.1736111,319.75,107.474537,32.79166667,8.396820646,2.452984251,14.21201927
 04/11,11.50277778,78.55555556,5.141319444,190.4166667,315.8402778,110.4513889,35.125,9.534427331,2.42773463,14.5132623
 04/12,13.01631944,77.72222222,3.392708333,149.1319444,330.6944444,107.0381944,61.95833333,10.74618088,1.602039243,15.06622123
 04/13,9.046527778,83.11805556,5.436458333,56.5625,318.1666667,89.40277778,12.625,7.663379525,2.567099419,14.52300031
 04/14,7.094097222,66.01736111,6.083333333,42.32638889,292.9131944,62.75231481,273.25,4.345088224,2.872554246,12.82252929
 04/15,8.333680556,76.15277778,4.088541667,51.73611111,305.9201389,79.42592593,176.2916667,6.350602601,1.930612229,12.82254948
 04/16,5.698611111,63.17361111,5.659027778,63.19444444,280.8645833,103.7847222,202,2.831192139,2.672196866,13.83127672
 04/17,3.770833333,62.73958333,5.537847222,65.52083333,279.4652778,122.8298611,94.83333333,1.17872687,2.614975324,13.10811015
 04/18,4.465625,80.60416667,4.032291667,243.4375,290.3993056,116.2858796,48.75,3.077795836,1.904050939,12.33528266
 04/19,3.428472222,75.32986111,6.899652778,156.5625,283.4444444,114.4305556,76.95833333,1.755740095,3.258020857,11.45182226
 04/20,2.74375,70.20833333,3.066319444,237.9861111,266.1875,110.9756944,146.875,0.683001831,1.447918182,11.30794079
 04/21,5.228472222,78.26041667,3.517361111,258.7152778,297.6215278,113.3506944,37.16666667,3.628958182,1.660900372,10.18429513
 04/22,6.613194444,57.1875,4.240972222,316.6666667,284.5798611,123.0381944,152.6736111,3.123762491,2.002590043,10.63628559
 04/23,7.151041667,68.96875,1.683333333,263.9583333,304.7743056,125.8009259,38.58333333,4.534082471,0.794871175,12.59783616
 04/24,8.832638889,64.27083333,3.105555556,195.3819444,307.7152778,132.6712963,31.04166667,5.692546183,1.466445501,13.9069664
 04/25,7.210763889,64.92013889,3.664930556,95.10416667,294.3888889,128.3113426,80.81944444,4.288181787,1.730582766,13.70559212
 04/26,7.219791667,79.05555556,3.251736111,111.3541667,302.8055556,98.59722222,141.6388889,5.422635169,1.535472061,13.5381338
 04/27,7.066666667,70.29513889,3.112847222,68.125,285.1701389,68.22800926,293.7175926,4.391323506,1.469888631,13.76534359
 04/28,7.349652778,69.44097222,1.536111111,103.1944444,285.8090278,109.5752315,163.4490741,4.647112648,0.725352739,13.3206123
 04/29,6.706944444,84.88888889,4.921875,132.1875,307.1527778,92.16898148,2.75,5.552133428,2.32411281,12.1046066
 04/30,6.633333333,82.63888889,6.506944444,46.97916667,315.8888889,104.3761574,15.04166667,5.29224635,3.072583708,11.54774485
 05/01,10.96284722,74.28472222,4.837847222,295.0347222,320.3645833,87.39583333,187.7083333,8.593951506,2.284434835,14.05508554
 05/02,8.754861111,54.73263889,4.846527778,330.2430556,301.6944444,130.1851852,100.1666667,4.823277186,2.288533799,16.47601047
 05/03,7.979861111,58.56597222,2.528819444,178.6458333,293.2256944,135.6111111,119.0416667,4.404624864,1.194110307,16.57070994
 05/04,7.569791667,56.85416667,1.958333333,52.08333333,281.2013889,144.6631944,102.6666667,3.68398655,0.924726367,16.47954651
 05/05,9.420833333,59.3125,3.786458333,95.76388889,299.7569444,105.0659722,215.2083333,5.651553749,1.787968268,16.0248836
 05/06,9.440277778,55.48958333,3.216666667,56.70138889,298.9444444,80.51388889,274.9166667,5.431622225,1.518912245,16.48133837
 05/07,8.333680556,68.54861111,4.385069444,41.35416667,292.7430556,107.6319444,195.75,5.471548483,2.070632852,17.38591947
 05/08,9.204513889,68.51388889,6.445486111,37.74305556,300.7916667,125.9479167,159.5416667,6.243986322,3.04356304,17.37660947
 05/09,10.59583333,71.59722222,7.7625,37.39583333,317,122.6041667,111.5416667,7.946471667,3.665457918,16.95195304
 05/10,12.49930556,87.56944444,4.653125,47.43055556,342.3784722,110.9930556,79.25,11.26989592,2.197208873,17.0204971
 05/11,14.05659722,74.43055556,6.317708333,39.16666667,330.7326389,106.8310185,214.7916667,11.21227181,2.983226285,18.12041756
 05/12,12.89965278,73.76041667,5.953125,36.00694444,332.9340278,105.8726852,162.5833333,10.18464458,2.81106978,17.63031419
 05/13,9.597916667,80.09027778,3.479513889,88.26388889,321.7222222,107.7418981,121.4166667,7.822571902,1.643028887,16.65778131
 05/14,10.01284722,75.06944444,5.136805556,194.4444444,319.7048611,137.505787,65.70833333,7.782972695,2.425603169,17.24964211
 05/15,8.498611111,55.76736111,5.946875,226.8402778,293.46875,135,148.7916667,4.461034656,2.808118526,16.67352069
 05/16,9.658333333,83.02777778,6.2125,184.5138889,322.65625,110.4027778,57.66666667,8.194203049,2.933546836,16.07759414
 05/17,14.91875,79.06944444,6.638541667,162.0833333,348.6388889,142.3402778,29.66666667,12.72479231,3.134724008,16.50280717
 05/18,11.42465278,65.99652778,4.032291667,183.9583333,309.2916667,112.3287037,204.3333333,8.09124459,1.904050939,17.37192867
 05/19,11.37083333,67.47569444,1.946875,216.1805556,312.3506944,131.4814815,178.2083333,8.150152386,0.919315734,16.84810261
 05/20,8.522222222,84.13194444,3.220486111,318.5069444,315.5208333,103.0925926,2.416666667,7.245298181,1.520715789,15.72481258
 05/21,10.63402778,74.20833333,3.135763889,250.625,321.1423611,144.724537,90.625,8.163104808,1.480709897,15.87160415
 05/22,12.05347222,73.78472222,2.445833333,151.6319444,315.0104167,148.625,36.91666667,9.409152026,1.154924207,17.10028936
 05/23,15.08368056,65.82986111,4.135069444,93.09027778,340.7256944,143.2430556,63.75,11.31717589,1.952582678,17.89821897
 05/24,16.72569444,67.13888889,4.454513889,73.26388889,343.1180556,152.1597222,53.375,12.87174129,2.103424567,18.92862624
 05/25,12.28541667,79.74305556,5.449652778,59.16666667,337.2881944,127.1527778,20.875,10.27153401,2.573329845,18.6021138
 05/26,10.00243056,87.33333333,6.106944444,48.50694444,332.9201389,105.7361111,2.291666667,8.915499092,2.883703429,15.50989679
 05/27,9.997222222,90.86805556,3.271527778,46.52777778,330.5,106.1076389,2.291666667,9.214877951,1.5448177,14.1685382
 05/28,10.89756944,84.03819444,3.075694444,170.5902778,319.9861111,150.8958333,46.16666667,9.384892112,1.452345063,15.28400122
 05/29,12.81770833,78.57638889,3.407291667,179.4791667,321.2673611,140.90625,114.6666667,10.60195394,1.608925503,16.85015831
 05/30,12.54618056,80.66319444,6.645486111,194.6180556,338.0034722,138.8020833,28.04166667,10.71509285,3.13800318,17.3949478
 05/31,13.22638889,60.64583333,6.497569444,237.0833333,317.9652778,125.4513889,221.125,9.145237191,3.068156827,17.65252341
 06/01,13.46354167,85.71180556,3.120833333,151.5277778,341.7743056,129.8310185,55.25,11.99389656,1.473659678,18.62275669
 06/02,12.62430556,79.96180556,2.652083333,199.0625,331.2048611,152.0740741,74.58333333,10.63600118,1.252315601,17.86777439
 06/03,12.99375,85.29513889,2.834375,162.8472222,334.5590278,150.1990741,29.75,11.57972163,1.338393853,16.94273184
 06/04,14.48854167,73.35416667,2.682638889,206.5625,330.8888889,162.9224537,67.5,11.6535247,1.266743956,18.4506903
 06/05,13.30590278,76.16666667,4.739236111,39.79166667,340.2708333,130.0393519,151.875,10.91443004,2.237870599,20.06144844
 06/06,12.03194444,69.91319444,6.4875,51.90972222,318.9791667,91.3599537,306.2083333,9.07843915,3.063402028,20.01885
 06/07,16.93194444,76.67708333,3.44375,75.79861111,348.9895833,156.4861111,63.83333333,14.25711174,1.626141154,20.55688882
 06/08,18.09930556,74.37152778,4.896527778,208.1597222,359.3541667,109.1342593,240.2083333,15.09678323,2.312143834,21.83042151
 06/09,15.96770833,71.66319444,3.982638889,266.7708333,353.5555556,160.6145833,45.625,12.89440474,1.880604863,20.64017714
 06/10,14.26736111,67.45833333,3.697222222,235.0694444,335.2152778,166.0358796,46.75,10.876007,1.745830914,19.46855324
 06/11,13.39618056,84.44097222,4.661111111,218.9930556,346.0902778,113.4930556,3.708333333,11.9031647,2.20097992,19.05085204
 06/12,14.13680556,59.11458333,4.4125,255.9722222,325.9166667,136.1076389,208.875,9.770152373,2.08358558,19.35055427
 06/13,11.871875,70.89236111,4.188888889,218.1944444,321.5451389,162.7395833,35.125,9.019124265,1.977996257,19.60688616
 06/14,12.82673611,58.22222222,6.267013889,281.2152778,323.2152778,115.7604167,246.7083333,8.625951974,2.959288332,19.79575696
 06/15,11.28888889,57.1875,4.557638889,315.1041667,307.28125,148.59375,170.2083333,7.195062655,2.152120264,19.61743363
 06/16,11.14444444,69.75347222,0.758333333,112.0833333,317.1180556,113.6006944,2,8.313992163,0.358085529,17.59544188
 06/17,14.68645833,65.74305556,1.553125,127.8819444,339.1388889,110.6423611,215.9166667,11.01750015,0.733386709,17.66032183
 06/18,14.10486111,72.26041667,2.151041667,70.86805556,334.4236111,130.2430556,177.6666667,11.26014074,1.015723376,20.43776242
 06/19,15.07222222,50.5625,2.787847222,43.71527778,315.8819444,113.1493056,284.5,9.231164541,1.316423404,21.23189864
 06/20,16.41979167,65.45833333,5.511805556,50.59027778,334.0034722,113.8854167,250.7083333,12.47695382,2.60267843,21.97936467
 06/21,15.39756944,76.03819444,3.453819444,53.99305556,346.9756944,133.9027778,136.5833333,12.72777822,1.630895952,21.62246638
 06/22,17.15104167,71.17708333,1.775,76.28472222,346.0069444,92.99652778,297.25,13.47895333,0.838156239,22.03246942
 06/23,15.06215278,83.55902778,3.233680556,78.88888889,358.8888889,125.8125,23.20833333,13.39790994,1.526946215,21.1178815
 06/24,12.18576389,93.42013889,3.246180556,50.69444444,353.9270833,109.2013889,2.875,11.58922823,1.532848724,18.14941602
 06/25,15.6,71.40625,1.358333333,62.91666667,348.7777778,114.8888889,210.0833333,12.33795045,0.641405948,18.92603183
 06/26,15.83923611,78.03472222,2.517013889,253.3680556,349.9305556,150.1770833,42,13.46042526,1.188535715,20.80404747
 06/27,12.14201389,67.79513889,5.074305556,322.0833333,329.1423611,131.1527778,52.54166667,9.083115693,2.396090625,19.83533604
 06/28,14.58611111,69.18402778,4.667013889,297.1180556,340.21875,151.8923611,95.08333333,11.33861257,2.203767216,19.64323998
 06/29,16.37569444,76.26388889,4.821180556,274.3055556,365.3125,153.2048611,40.29166667,13.77140769,2.276564823,20.52097445
 06/30,13.37569444,74.3125,2.507986111,204.7916667,342.0243056,147.25,86.5,10.7777499,1.184272792,19.03577722
 07/01,15.66354167,75.65277778,2.607291667,202.5,349.0486111,136.8888889,144.2916667,12.99507758,1.231164945,19.76641703
 07/02,16.39826389,75.40625,2.201041667,129.1319444,344.4340278,123.7881944,227.0833333,13.47809971,1.039333411,22.28129256
 07/03,16.85381944,87.53472222,3.617361111,68.33333333,362.7951389,130.1111111,36.5,15.43537019,1.708120441,22.4721833
 07/04,18.67604167,78.60416667,5.327430556,53.57638889,361.0138889,135.3645833,180.7083333,16.01959465,2.515616427,22.84887447
 07/05,19.22291667,76.43402778,5.118055556,59.6875,350.3125,83.70138889,342.4583333,16.26357778,2.416749406,23.74380293
 07/06,18.81840278,75.72916667,3.165277778,118.5069444,357.1527778,91.54166667,284.75,15.8159498,1.494646376,24.19833609
 07/07,18.58680556,69.65277778,2.508333333,112.9861111,351.8958333,136.9583333,186.7083333,14.76170872,1.184436751,23.12847102
 07/08,16.19791667,85.68055556,4.447916667,186.2152778,362.03125,128.5486111,22.08333333,14.70720141,2.100309354,21.57931922
 07/09,16.97395833,66.17361111,4.56875,244.3402778,353.6215278,136.3055556,161.1666667,13.09802592,2.157366939,21.59217265
 07/10,18.16736111,72.02083333,3.363888889,157.7083333,347.6736111,152.9305556,120.5416667,14.73625424,1.588430681,22.6375105
 07/11,18.76388889,78.20486111,4.249652778,197.1180556,361.9791667,151.4722222,78.41666667,16.1802131,2.006689008,23.44650469
 07/12,15.59201389,75.6875,5.467013889,221.5625,350.1354167,153.96875,52.75,13.01483331,2.581527774,22.15034809
 07/13,16.790625,79.23263889,3.832291667,221.5972222,362.8611111,144.4050926,47.83333333,14.52648503,1.8096108,21.73460805
 07/14,17.54131944,64.24305556,3.375694444,268.5763889,347.9131944,87.67013889,303.7916667,13.24327207,1.594005273,21.59621215
 07/15,16.53506944,68.67361111,4.400347222,254.2361111,355.8645833,156.5092593,77.41666667,13.03801181,2.07784703,21.71379524
 07/16,16.00243056,67.30555556,3.481944444,261.3541667,341.2743056,148.9907407,84.25,12.34528157,1.644176597,22.0140376
 07/17,15.82743056,67.20833333,1.8625,252.5,336.9513889,133.4178241,47.79166667,12.19094609,0.8794738,21.84821195
 07/18,16.01805556,79.53472222,4.180208333,227.1527778,363.34375,134.6956019,92.75,13.71134118,1.973897293,21.7188389
 07/19,16.06944444,72.08333333,2.911458333,258.0902778,362.3402778,151.0185185,43.5,13.02801374,1.374792657,21.77367621
 07/20,16.32708333,69.47222222,2.483680556,280.7638889,352.3923611,155.9965278,57.45833333,12.92820173,1.172795692,22.13304818
 07/21,16.371875,70.65277778,1.470833333,236.7708333,348.7951389,144.119213,111.8333333,13.07540885,0.694528527,21.44692998
 07/22,17.23506944,74.06597222,2.418055556,134.2708333,344.78125,151.8472222,35.375,14.10208468,1.141807521,21.16310094
 07/23,17.06527778,79.51041667,3.812152778,185.2083333,350.1875,146.6053241,32.5,14.78151266,1.800101202,21.94762063
 07/24,14.57916667,80.57291667,3.757638889,244.5138889,332.1944444,150.5833333,89.29166667,12.55221968,1.774359706,21.20374288
 07/25,16.03819444,80.73263889,3.509722222,117.1527778,359.9965278,136.5972222,79,13.87537402,1.657293283,20.90305036
 07/26,17.80138889,76.91666667,2.364930556,210.7291667,363.4722222,139.03125,60.45833333,15.05595808,1.116721859,22.01208884
 07/27,18.34791667,74.75,2.599652778,225.3472222,357.3020833,119.3784722,193.7916667,15.27330442,1.227557856,23.02468006
 07/28,18.41493056,76.91666667,2.138888889,107.6388889,355.7673611,124.6423611,184.9166667,15.55930789,1.009984826,22.72178363
 07/29,20.59895833,63.51041667,4.136458333,89.375,360.8854167,99.21180556,231.7916667,15.53276077,1.953238512,22.9160661
 07/30,17.3,81.60416667,2.105902778,171.6666667,351.4270833,136.4895833,29.75,15.23784686,0.994408762,23.16490264
 07/31,17.61041667,77.34027778,3.315625,232.2222222,362.9201389,144.2048611,71.95833333,14.90948672,1.565640439,21.84789593
 08/01,16.24722222,66.23263889,3.878125,253.6458333,348.3645833,137.1805556,109.8333333,12.46363583,1.831253332,21.92363725
 08/02,15.92604167,66.10416667,2.300347222,295.6597222,350,145.8194444,57.125,12.20975646,1.086225564,21.8715296
 08/03,13.97361111,73.86458333,1.379861111,241.5277778,337.9548611,144.8576389,32.66666667,11.11431797,0.65157138,21.70021439
 08/04,16.57673611,62.79861111,2.563194444,102.5694444,331.2395833,106.0208333,250.375,11.67913841,1.210342206,21.00358432
 08/05,19.50104167,52.37847222,4.395833333,134.7569444,347.3159722,141.3703704,66.91666667,12.96960559,2.075715568,21.60202398
 08/06,16.11111111,76.11458333,3.383333333,176.4930556,353.3368056,120.8877315,48.41666667,13.4580744,1.597612361,21.93070903
 08/07,14.97326389,73.69444444,3.586111111,268.2986111,347.15625,103.0891204,147.5833333,12.07713469,1.69336417,21.23258266
 08/08,15.29340278,71.15625,3.496180556,194.9305556,336.9305556,134.0960648,31.83333333,11.97045338,1.650898899,21.28995975
 08/09,17.42361111,75.76388889,3.891666667,180.1736111,367.2118056,127.5115741,30.08333333,14.54144339,1.837647716,21.24006899
 08/10,15.92361111,81.54513889,4.184375,194.0972222,354.9618056,118.5011574,140.0833333,13.79800974,1.975864796,21.78252844
 08/11,15.47569444,83.66666667,2.708680556,54.93055556,353.2395833,134.1851852,31.91666667,13.64065712,1.279040849,20.18530327
 08/12,16.96736111,74.12847222,3.2,237.2569444,350.3194444,125.0196759,113.5,13.90577696,1.511042233,20.45899253
 08/13,17.03368056,74.46527778,3.807986111,330.8333333,341.5729167,114.2361111,165.4166667,14.04511868,1.7981337,22.06650325
 08/14,15.86284722,83.55902778,2.094444444,140.3819444,358.0277778,106.2569444,13.95833333,14.0967005,0.988998129,21.9960309
 08/15,17.01631944,73.89930556,1.270833333,111.9097222,345.5972222,90.32291667,207.7083333,13.83856765,0.600088387,22.34764187
 08/16,18.01944444,68.00347222,1.949305556,190.4861111,337.4340278,87.89583333,218.4166667,13.84265805,0.920463444,23.22291046
 08/17,18.98263889,68.69791667,2.035416667,209.0972222,349.0555556,106.4236111,159.4166667,14.96590208,0.961125171,23.65414492
 08/18,22.03298611,53.47569444,4.071180556,176.7361111,360.4166667,86.21527778,246.7916667,15.26309413,1.9224143,23.20731827
 08/19,22.85034722,53.03472222,2.877430556,182.7777778,372.9548611,71.17361111,277.7916667,15.99393792,1.358724717,23.67193242
 08/20,19.16180556,78.22569444,1.859027778,291.7708333,357.8402778,117.5219907,21.75,16.57732512,0.877834214,23.86676881
 08/21,18.45416667,67.71180556,2.607291667,242.7777778,358.4444444,94.48263889,200.1666667,14.50143423,1.231164945,23.17249855
 08/22,15.50763889,73.60416667,4.225694444,182.1875,339.8090278,116.5138889,90.83333333,12.40838176,1.995375866,22.55786073
 08/23,14.83055556,87.80902778,4.017013889,173.2291667,353.3958333,112.59375,96.08333333,13.55044162,1.896836762,21.32349507
 08/24,14.73715278,83.15277778,4.736458333,217.3263889,344.5798611,119.7581019,29.54166667,12.98859198,2.236558931,20.464786
 08/25,14.76909722,79.04513889,4.010069444,233.5763889,342.0243056,119.962963,42,12.58015813,1.893557591,19.15392549
 08/26,13.40138889,85.22222222,3.662847222,226.3194444,336.1006944,116.0740741,51.625,11.91590643,1.729599015,18.65565466
 08/27,13.79895833,82.24652778,1.539930556,232.7083333,342.0555556,114.9849537,37.25,11.97324602,0.727156283,19.6117873
 08/28,13.58854167,83.64583333,2.950347222,221.5625,336.5555556,113.0578704,66.08333333,11.86299737,1.393156018,20.14030166
 08/29,13.68541667,73.81597222,6.521875,315.9375,326.7395833,111.9375,32.5,11.04661515,3.079633927,20.03976483
 08/30,12.95208333,80.53125,3.846180556,311.4236111,334.0520833,95.6087963,27.29166667,11.06993515,1.816169143,19.54850623
 08/31,13.45902778,67.68402778,3.75,312.0486111,320.4965278,115.7048611,54.75,10.09057104,1.770752617,19.51539888
 09/01,16.21736111,70.42708333,1.769097222,257.3611111,363.3854167,109.1770833,31.75,12.9913119,0.835368943,18.42152205
 09/02,14.721875,73.57986111,3.196180556,311.1805556,344.15625,108.3576389,29.20833333,11.98670362,1.509238689,17.69096409
 09/03,13.17569444,70.20138889,2.970486111,278.6111111,325.7430556,104.369213,88.41666667,10.11305742,1.402665615,17.94826673
 09/04,13.34756944,81.71527778,1.110069444,181.4930556,335.9861111,80.84953704,141.25,11.35645846,0.524175566,18.50839867
 09/05,12.865625,81.52430556,2.940972222,259.0972222,336.8090278,101.9328704,28.5,11.03678527,1.388729136,18.18201771
 09/06,14.59201389,74.03472222,3.624652778,186.25,347.8125,104.4409722,28.20833333,11.7666459,1.711563572,17.69038419
 09/07,15.76041667,92.69097222,4.917361111,91.25,362.2118056,95.95833333,18,14.99386529,2.321981349,17.86277767
 09/08,15.41458333,78.17013889,4.553125,293.6458333,355.6493056,102.7569444,26,13.10218339,2.149988803,16.78817726
 09/09,15.534375,69.9375,3.520486111,246.7708333,332.0798611,77.48263889,191.2083333,12.16124058,1.662375999,17.27232591
 09/10,12.72881944,86.16666667,2.022222222,128.7847222,328.9340278,87.39236111,61.875,11.28004383,0.954894745,17.9835417
 09/11,14.33159722,76.31597222,3.519097222,271.2152778,342.2013889,93.37152778,105.8333333,11.7746579,1.661720165,17.87614143
 09/12,11.921875,84.14236111,1.958680556,154.6875,327.6458333,91.15509259,76.08333333,10.35439147,0.924890325,18.10408391
 09/13,12.36076389,83,0.621527778,129.7222222,328.4618056,93.1724537,87.79166667,10.59423294,0.29348585,17.67967165
 09/14,12.02673611,88.13541667,1.759027778,97.04861111,320.4340278,83.49768519,16.75,10.81998234,0.830614144,17.28689857
 09/15,12.69965278,94.19097222,2.996180556,78.54166667,350.9895833,70.77662037,6.166666667,12.15619994,1.41479855,15.50363168
 09/16,12.821875,88.01736111,3.099305556,82.74305556,338.4340278,82.83796296,19.875,11.67045973,1.463494247,14.82394364
 09/17,13.64270833,90.03125,3.8625,37.56944444,351.7291667,87.04861111,19.41666667,12.66373537,1.823875196,16.20059811
 09/18,15.88819444,83.15625,5.663194444,37.56944444,359.4409722,85.7974537,86.60185185,14.0511955,2.674164369,17.48939349
 09/19,14.66111111,75.17361111,5.807638889,25.27777778,348.7881944,82.94675926,89.75,12.08244408,2.742371137,18.42191765
 09/20,12.28506944,76.25347222,3.161458333,216.1458333,319.2986111,89.18055556,35.16666667,9.916082175,1.492842832,17.90169799
 09/21,13.84583333,77.11111111,1.95,313.4722222,325.9027778,83.75694444,33.29166667,11.34204753,0.920791361,17.21043718
 09/22,14.81319444,78.02777778,2.672222222,267.3263889,353.1597222,82.87152778,36.79166667,12.5155878,1.261825198,16.76827094
 09/23,13.025,72.47916667,3.175,256.6666667,315.0104167,51.42708333,219.9166667,10.16394801,1.499237216,16.79659041
 09/24,11.51493056,75.58333333,6.769097222,276.1111111,322.6319444,66.95138889,142.2916667,9.261786858,3.196372433,17.69221094
 09/25,11.77777778,78.93055556,4.939236111,232.7083333,321.6631944,81.625,33.29166667,9.804515184,2.332310739,16.65699418
 09/26,13.73611111,85.56944444,3.486805556,254.8263889,341.9236111,60.95138889,6.5,12.34907898,1.646472017,16.66662507
 09/27,10.81145833,67.82291667,6.125,263.6458333,307.8958333,56.5,179,7.818999806,2.892229275,16.78419724
 09/28,8.625,73.90625,2.765972222,266.4583333,294.6180556,61.31481481,167.375,6.395749353,1.306094014,16.5611967
 09/29,9.409027778,75.88888889,2.345833333,232.7083333,300.4097222,69.30787037,138.625,7.125439665,1.107704137,15.29038082
 09/30,9.901388889,87.39930556,2.334027778,112.8125,316.21875,68.61805556,56.875,8.685800044,1.102129546,14.79157769
 10/01,9.282291667,75.41666667,3.263194444,177.0833333,300.4305556,70.07638889,84.70833333,7.036106273,1.540882694,14.54419659
 10/02,9.275347222,78.72222222,1.915972222,148.7847222,295.6423611,54.3900463,170.7083333,7.235332127,0.904723421,14.31919472
 10/03,8.355902778,84.42708333,1.403472222,145.625,298.8715278,69.34606481,68.58333333,6.915259647,0.662720563,13.82119805
 10/04,9.982986111,89.82638889,3.379861111,145.5902778,321.5798611,56.82523148,7.208333333,9.040860062,1.595972776,13.27029036
 10/05,11.67638889,82.27777778,3.625694444,239.9652778,326.7291667,63.35648148,74.625,9.9894402,1.712055447,13.69499248
 10/06,11.51597222,70.44791667,7.282986111,235.9722222,321.1770833,56.40972222,144.1666667,8.716382833,3.439031125,13.21722075
 10/07,9.745833333,59.67361111,8.516666667,263.3333333,301.0798611,62.32986111,104.2083333,6.150301888,4.021575944,12.37781887
 10/08,10.13958333,75.97569444,6.763194444,222.8472222,318.5173611,63.51388889,12.58333333,8.074707045,3.193585137,12.52449873
 10/09,10.09375,84.69791667,3.760763889,245.8333333,318.75,62.85763889,13.58333333,8.731609908,1.775835333,13.11201898
 10/10,7.110069444,76.54513889,3.497222222,227.0833333,290.2569444,63.47222222,57.5,5.122525037,1.651390774,12.55760699
 10/11,7.888194444,83.02083333,6.203472222,88.78472222,296.9131944,62.09490741,14.625,6.455867859,2.929283913,12.01683264
 10/12,9.842013889,90.79861111,3.484027778,112.4305556,325.4375,62.48958333,34.45833333,9.035676672,1.645160348,12.62417795
 10/13,9.112847222,86.06944444,2.954513889,168.6111111,308.6145833,60.80902778,26.25,7.869725234,1.39512352,11.63269172
 10/14,8.065277778,94.09027778,2.286458333,31.07638889,299.2152778,41.31018519,0.625,7.55075982,1.079667221,10.45672731
 10/15,11.24930556,92.24305556,4.238194444,57.98611111,347.9409722,40.89236111,0.75,10.56098531,2.001278375,11.97163094
 10/16,12.12777778,90.97569444,4.248958333,81.38888889,352.59375,45.97916667,8.458333333,11.30770575,2.006361091,13.12388943
 10/17,11.63541667,87.10763889,4.582638889,91.31944444,349.9722222,37.19097222,0,10.47646376,2.163925282,13.29453287
 10/18,13.56770833,96.13194444,4.514236111,90.38194444,360.1354167,36.20601852,0,13.19744236,2.131625442,13.5305958
 10/19,14.94201389,88.53472222,3.428472222,151.7708333,351.2048611,53.63425926,29.875,13.76674125,1.618926976,14.56914452
 10/20,11.59826389,90.45486111,1.498958333,237.8819444,326.0277778,51.02314815,59.31944444,10.68242218,0.707809171,13.50161349
 10/21,9.4125,91.55555556,2.372222222,140.1041667,300.6840278,51.04513889,36.55671296,8.619066309,1.120164989,11.97131805
 10/22,12.35763889,88.96527778,2.484027778,138.2638889,326.2881944,50.67476852,13.5,11.32011434,1.17295965,13.13872204
 10/23,11.06631944,93.71527778,3.024652778,107.9861111,330.4513889,34.58680556,0.166666667,10.5093608,1.428243153,13.28041681
 10/24,11.1125,92.29166667,2.2625,165.4861111,319.1631944,46.20023148,72.54166667,10.38752318,1.068354079,13.58607628
 10/25,13.30069444,91.86458333,4.315277778,147.9166667,350.84375,40.87847222,19.66666667,12.51161628,2.037677179,13.8785046
 10/26,14.34340278,84.44791667,5.549652778,166.9097222,339.9756944,46.33333333,14.25,12.79984012,2.620549915,14.21236967
 10/27,13.12708333,78.67708333,4.988541667,221.6319444,334.7708333,43.93287037,62.79166667,11.05266207,2.355592857,13.43375649
 10/28,8.686805556,77.38541667,2.716666667,226.3194444,296.9201389,44.72453704,26.16666667,6.759316489,1.282811896,12.19809838
 10/29,2.7,80.95138889,1.541666667,79.16666667,259.8368056,28.93402778,161.3194444,1.348430648,0.727976076,11.7258383
 10/30,1.220833333,85.72222222,1.111458333,66.84027778,252.9791667,43.97222222,67.375,0.247346568,0.524831401,10.685273
 10/31,1.742361111,86.80555556,0.421875,88.99305556,254.6840278,27.14930556,160.9166667,0.740432906,0.199209669,10.42761982
 11/01,8.453819444,78.37152778,3.871527778,272.8819444,312.2743056,37.13541667,76.25,6.610275811,1.828138119,10.2918422
 11/02,6.126388889,85.55208333,3.832638889,324.3055556,297.1423611,37.60763889,16.33333333,5.043382832,1.809774758,9.150376551
 11/03,5.498958333,72.95833333,4.673958333,327.9166667,284.5243056,33.7349537,96.33333333,3.497381933,2.207046387,7.377572615
 11/04,6.09375,73.53125,4.280208333,329.1666667,291.375,32.18055556,99.41666667,4.096079018,2.021117362,7.386960685
 11/05,5.272569444,84.59027778,3.011805556,142.1527778,283.3402778,31.29976852,100.7083333,4.112570461,1.422176685,8.273399237
 11/06,5.245138889,89.09722222,1.970486111,85.38194444,300.6076389,37.90625,12.04166667,4.408675945,0.930464917,8.105164375
 11/07,7.000347222,85.67013889,2.838541667,72.11805556,310.9201389,37.76851852,21.33333333,5.869741572,1.340361356,8.494558162
 11/08,5.764583333,85.95486111,4.015972222,101.25,299.7222222,31.64583333,8.375,4.685554917,1.896344886,8.185068054
 11/09,5.940625,90.93402778,3.688541667,125.1388889,307.8854167,25.65972222,1.416666667,5.286810468,1.741731949,7.963902558
 11/10,10.465625,95.98958333,2.907986111,186.9444444,335.1180556,26.50462963,9.208333333,10.11535939,1.373153071,7.438463555
 11/11,10.725,83,3.120833333,218.8888889,324.3298611,31.19791667,53.04166667,9.210639859,1.473659678,8.082926503
 11/12,12.70972222,95.70486111,3.271875,191.1458333,357.0381944,25.22106481,5.083333333,12.31622148,1.544981659,9.807523486
 11/13,12.40590278,87.85069444,4.115972222,206.4236111,338.7326389,33.05555556,35.125,11.26843013,1.943564956,10.77342091
 11/14,10.80833333,79.26388889,4.675,267.2569444,322.7118056,32.14351852,25.58333333,8.933801964,2.207538263,10.624722
 11/15,10.61319444,76.77083333,5.161458333,252.9513889,322.0173611,30.80902778,11.125,8.570046244,2.437244228,10.13699559
 11/16,13.51840278,84.85069444,7.196527778,227.8125,352.3819444,27.98958333,9.875,12.03390458,3.39820544,10.50296534
 11/17,10.96145833,85.95833333,4.586458333,255.3472222,334.1041667,29.40625,10.125,9.711619593,2.165728826,9.365600174
 11/18,8.325694444,66.46875,6.196875,263.8194444,294.7743056,29.76388889,56.39236111,5.548061439,2.9261687,8.276035501
 11/19,6.546875,79.88194444,3.725,234.8611111,294.5069444,20.61689815,3.291666667,5.012606383,1.7589476,8.251437987
 11/20,3.835069444,83.60069444,3.409027778,265.5902778,282.0034722,28.4837963,63.89814815,2.676002472,1.609745296,7.95728031
 11/21,3.575,87.89583333,1.649305556,211.9791667,292.3958333,27.25231481,15.75,2.746901221,0.778803234,7.404662293
 11/22,0.432291667,94.50694444,0.680208333,172.2569444,268.6388889,23.26851852,27.875,0.08368581,0.32119485,6.386971842
 11/23,2.399305556,94.79166667,4.585763889,148.5763889,291.0520833,19.62268519,2.708333333,2.048963454,2.165400909,6.043437008
 11/24,4.006597222,89.60069444,5.966319444,90.90277778,299.1284722,19.33912037,3.5,3.292541704,2.817300206,5.271757344
 11/25,3.922916667,93.31944444,2.892013889,42.84722222,303.3854167,20.10416667,4.833333333,3.466904286,1.365610977,5.167993501
 11/26,6.011458333,78.19791667,7.483680556,17.15277778,302.3784722,24.41666667,10.25,4.382515088,3.533799182,6.847277725
 11/27,4.677083333,86.75,3.955555556,123.3680556,297.34375,23.96180556,9.75,3.748118669,1.867816094,7.31016773
 11/28,5.481944444,88.4375,3.162152778,165.9027778,307.7048611,23.37152778,9.416666667,4.64688476,1.493170749,7.352874807
 11/29,4.115972222,88.72569444,2.186458333,268.2291667,291.4340278,23.53125,12.32291667,3.322330022,1.032447151,7.272699475
 11/30,5.796875,76.23958333,3.292708333,45.59027778,306.1631944,22.89930556,9.166666667,4.048743384,1.554819173,7.464386945
 12/01,8.061805556,93.74652778,2.604513889,116.7361111,318.125,20.36111111,4.958333333,7.559997028,1.229853276,6.606188051
 12/02,6.045138889,94.50347222,2.219791667,234.5486111,309.8645833,20.40277778,4.416666667,5.640031817,1.048187174,6.007331349
 12/03,7.173611111,93.54513889,4.900694444,178.1597222,316.5451389,13.25694444,0,6.684240293,2.314111337,6.868416064
 12/04,8.351388889,94.08333333,2.927430556,201.5277778,321.6388889,19.34259259,2.75,7.877511413,1.382334752,7.709234351
 12/05,10.10416667,86.57986111,5.2125,198.9583333,319.0451389,19.05787037,40.375,8.937834688,2.461346138,8.538725587
 12/06,6.594097222,79.16319444,3.645833333,240.1736111,286.9930556,18.34259259,77.29166667,5.002620591,1.721565045,8.642296829
 12/07,7.142361111,82.31944444,5.539236111,209.8611111,289.6076389,19.88888889,12.91666667,5.742549804,2.615631158,8.133428476
 12/08,3.81875,90.40277778,2.686111111,231.5625,281.71875,18.11805556,69.08333333,3.13534861,1.268383541,6.047300895
 12/09,5.077777778,83.06944444,2.929513889,279.8958333,279.5069444,18.29398148,61.41666667,3.833519605,1.383318503,5.655616151
 12/10,5.692361111,83.24305556,2.632986111,256.0763889,277.7430556,18.76388889,58.91666667,4.434253996,1.243297879,6.885224422
 12/11,1.4625,94.37152778,0.709027778,112.2569444,266.2222222,17.95601852,76.04166667,1.09347724,0.334803412,6.553381695
 12/12,2.30625,99.78472222,1.925347222,134.0625,297.2395833,11.92592593,0,2.29238625,0.909150302,5.886323362
 12/13,3.331597222,96.77430556,2.891319444,121.7708333,303.9027778,11.84259259,0,3.120910195,1.36528306,5.832982923
 12/14,4.934375,86.42013889,3.582291667,188.5416667,295.6805556,19.16666667,13.75,3.950440286,1.691560625,6.525470545
 12/15,0.8375,98.72916667,2.326388889,162.7777778,272.1215278,17.34027778,27.58333333,0.766435625,1.098522457,4.712954461
 12/16,2.958333333,98.07986111,2.475694444,145.2430556,301.7708333,11.60416667,0,2.834897428,1.169024645,4.159812612
 12/17,3.702430556,83.70486111,4.190277778,245.2430556,282.3333333,15.30787037,2.5,2.591008887,1.978652091,5.367688058
 12/18,2.411111111,84.05208333,4.657986111,230.9722222,264.8715278,18.91782407,20.29166667,1.321716152,2.199504293,5.576803713
 12/19,7.695138889,88.28819444,4.668055556,222.5694444,306.2326389,18.95601852,42.95833333,6.758146062,2.204259091,6.760924832
 12/20,8.332638889,89.57638889,4.166666667,239.2708333,317.0381944,18.89236111,11.08333333,7.501880284,1.967502908,7.909470223
 12/21,4.687152778,72.15277778,4.090277778,264.9652778,275.9027778,19.13888889,38.75,2.719720904,1.931432022,7.605397592
 12/22,6.757986111,90.125,5.405208333,213.5069444,311.9236111,11.49305556,0,6.037135467,2.552343148,5.841537963
 12/23,11.14027778,90.875,5.0625,213.4375,338.9166667,18.2974537,2.958333333,10.33108289,2.390516033,6.576073271
 12/24,6.046527778,76.81597222,5.969791667,269.1319444,294.9722222,17.62615741,35.20833333,4.330682462,2.818939792,8.004064263
 12/25,3.326736111,90.06597222,4.101041667,211.4236111,277.2291667,16.43634259,8.166666667,2.676885254,1.936514737,6.676611156
 12/26,0.719097222,87.04513889,3.311805556,184.1666667,259.3194444,17.94444444,71.75,-0.066168305,1.563836895,6.066872929
 12/27,1.149652778,91.79513889,2.258680556,120,270.4930556,17.34375,69.04166667,0.636273855,1.066550535,5.899836611
 12/28,0.461458333,93.83333333,1.667013889,180.3819444,269.1354167,19.68402778,17.5,0.088847443,0.787165122,5.280361463
 12/29,1.814236111,95.35069444,2.612847222,187.1527778,284.3993056,15.19791667,1.583333333,1.526135026,1.233788282,3.773438744
 12/30,6.214236111,99.59027778,1.482986111,169.9652778,320.3993056,11.81597222,0,6.184867534,0.700267077,4.568726007
 12/31,6.257638889,83.00347222,4.375,298.3680556,293.3159722,18.92708333,23.95833333,5.016196201,2.065878054,6.698779165
 01/01,0.459722222,71.15625,4.824305556,306.7361111,256.9444444,18.74305556,14.95833333,-1.256461174,2.278040451,6.066166806
 01/02,-0.59375,58.34027778,4.324305556,320.6597222,241.5208333,17.08333333,86.83333333,-3.007805914,2.041940102,5.328313042
 01/03,-2.038541667,83.57986111,2.209375,183.2986111,244.6666667,16.1875,91.75,-2.947567706,1.043268417,4.771619162
 01/04,2.471875,81.92708333,6.407638889,164.0625,285.0763889,15.625,1.625,1.314489226,3.025691556,4.925504837
 01/05,4.140972222,94.40625,5.879861111,185.7986111,299.8680556,13.0625,0,3.766719219,2.776474521,4.493548853
 01/06,4.688541667,83.02430556,3.448958333,294.9652778,281.2569444,17.99305556,86.48611111,3.476178324,1.628600532,5.062926188
 01/07,4.623958333,89.16666667,3.005208333,213.9583333,291.4166667,19.04861111,5.916666667,3.882495407,1.419061473,5.901910251
 01/08,7.385763889,78.52083333,4.287847222,273.6458333,304.4826389,18.82986111,6.166666667,5.751535669,2.024724451,7.10498288
 01/09,7.648611111,74.05902778,6.466666667,257.8819444,307.7604167,19.04166667,4.25,5.550002305,3.053564514,7.240014716
 01/10,8.515277778,74.6875,7.111111111,266.7013889,310.9097222,18.72916667,4.583333333,6.454388193,3.35787163,7.790915476
 01/11,2.569791667,67.82291667,4.222222222,286.9444444,266.4618056,22.19791667,73.78472222,0.418856153,1.99373628,7.535918993
 01/12,1.685416667,66.11805556,4.246180556,302.3263889,259.8645833,21.79513889,50.04166667,-0.47374326,2.005049422,5.232746837
 01/13,5.184027778,82.45138889,3.165277778,230.2430556,296.3159722,22.88310185,6.791666667,3.97207525,1.494646376,4.534715383
 01/14,7.639930556,89.47916667,4.601736111,211.9791667,314.5590278,21.39351852,5.75,6.820621159,2.172943004,6.584396042
 01/15,7.926736111,88.31944444,4.653125,200.7986111,324.1006944,21.76041667,5.541666667,6.980784301,2.197208873,7.680979771
 01/16,8.120138889,83.94097222,8.436458333,190.2430556,323.40625,15.43634259,0,6.815210795,3.983701513,7.942997984
 01/17,5.307291667,89.98263889,7.029513889,193.75,301.4236111,15.68634259,0,4.532026561,3.319341365,7.248424362
 01/18,3.204513889,79.45486111,4.895486111,205.8333333,270.3055556,24.7650463,52.1712963,1.809009686,2.311651959,6.980997234
 01/19,3.216666667,86.39236111,6.304166667,178.0902778,279.6145833,18.29398148,0.791666667,2.283063439,2.9768319,4.770147349
 01/20,4.164236111,82.22569444,5.664236111,211.1458333,282.7465278,25.96296296,38.125,2.86627776,2.674656245,4.814092932
 01/21,4.957638889,79.89930556,7.299305556,203.5763889,286.3159722,21.08449074,15.875,3.480451351,3.446737178,6.096600473
 01/22,3.91875,78.16666667,5.521180556,224.1666667,283.2256944,17.82407407,0,2.3850523,2.607105312,6.370672523
 01/23,5.224652778,67.39930556,7.550694444,250.5555556,281.3263889,26.57291667,77.95833333,2.753783576,3.565443187,6.659056827
 01/24,5.043402778,74.17013889,4.949305556,231.1458333,279.6770833,27.8125,12.08333333,3.152529028,2.337065538,7.071976618
 01/25,5.351388889,93.43055556,3.975694444,134.5486111,306.5381944,18.80902778,0,4.825024493,1.877325692,6.64798562
 01/26,3.39375,82.42013889,5.878472222,282.8125,287.09375,22.49652778,13.125,2.221129938,2.775818686,5.59288233
 01/27,2.621875,87.06597222,4.178125,192.1875,280.8333333,19.96875,0,1.787517908,1.972913541,3.962161726
 01/28,7.847222222,76.58680556,5.95,233.8194444,299.7673611,31.00694444,34.83333333,5.945063226,2.809594153,6.498996563
 01/29,6.754513889,83.51041667,3.684027778,198.9930556,313.1145833,30.77777778,12,5.48535255,1.739600488,7.656951665
 01/30,1.898611111,74.58680556,2.699652778,165.3125,261.03125,25.66898148,103.6458333,0.231923718,1.274777926,7.277025651
 01/31,9.070486111,88.08680556,9.353819444,203.5416667,330.7708333,27.24421296,7.458333333,8.088054948,4.41688007,7.589254715
 02/01,-0.909027778,82.75347222,2.604166667,150.7291667,258.5590278,33.68981481,21.29166667,-1.881176953,1.229689318,6.828461875
 02/02,3.546180556,98.22222222,2.8125,150.1388889,305.3506944,22.84722222,0,3.430245704,1.328064463,5.408101637
 02/03,5.735416667,93.74652778,1.284027778,258.5416667,313.6458333,24.89467593,0,5.275037017,0.606318813,5.461520418
 02/04,5.857291667,89.54513889,2.25,167.7777778,309.4340278,30.25347222,10,5.089138918,1.06245157,6.994681515
 02/05,8.368055556,86.97222222,5.715625,206.9097222,322.5138889,37.06018519,12.54166667,7.326547591,2.698922114,8.254672449
 02/06,9.749652778,73.17708333,5.888541667,245.7986111,318.4236111,37.43981481,51.25,7.426444568,2.780573485,9.52152812
 02/07,5.843402778,78.89583333,2.986458333,220.7986111,287.0347222,31.45833333,6.208333333,4.27461472,1.410207709,8.913550067
 02/08,8.903472222,89.84027778,3.730555556,222.9166667,316.3611111,36.92824074,20.08333333,8.04094437,1.761570937,8.795558617
 02/09,8.302430556,89.12152778,5.177777778,180.8333333,322.6284722,26.82986111,0,7.408386628,2.444950281,7.700815494
 02/10,5.435763889,71.48263889,6.058333333,226.875,287.0277778,40.76388889,89.39351852,3.289025939,2.860749229,7.346742773
 02/11,2.984375,93.33680556,1.109375,123.0902778,283.28125,28.35069444,0,2.54944852,0.523847649,7.161772125
 02/12,2.788888889,81.14930556,1.770833333,255,284.6423611,41.54166667,28.125,1.522846574,0.836188736,7.007534422
 02/13,2.128819444,84.96180556,2.215625,124.9652778,285.3506944,40.50694444,13.625,1.162442836,1.046219671,6.748484147
 02/14,1.980902778,89.25347222,2.712847222,134.5486111,281.4513889,44.03125,17.91666667,1.307475242,1.281008352,6.770808503
 02/15,1.11E-16,80.87152778,1.582986111,210.4166667,252.6423611,30.22685185,158.2083333,-1.200835139,0.747487147,6.733231537
 02/16,-0.363194444,81.91666667,2.543055556,330.2430556,266.2847222,47.7962963,48.21064815,-1.42947028,1.200832608,5.460789941
 02/17,0.555208333,77.94791667,3.695486111,267.9166667,269.8194444,45.65393519,85.06944444,-0.814021689,1.745011121,5.165419504
 02/18,-0.090277778,73.59375,3.632638889,198.0208333,253.5625,42.33680556,130.1469907,-1.705061824,1.715334619,6.473179688
 02/19,0.275694444,78.53819444,1.816319444,252.2916667,254.2326389,30.50115741,184.9282407,-1.095565518,0.857667309,7.06855596
 02/20,-0.55,76.70138889,3.804513889,34.16666667,253.4548611,41.80208333,140.25,-1.993070956,1.796494114,7.276443177
 02/21,2.085416667,82.35416667,3.833680556,39.09722222,285.4444444,50.27662037,17.91666667,0.949122337,1.810266634,6.894035091
 02/22,4.34375,75.77083333,3.416319444,278.1597222,296.5381944,53.03819444,21.33333333,2.625003754,1.613188426,7.289678524
 02/23,2.386805556,81.85763889,1.501736111,52.60416667,295.9791667,37.34027778,0,1.236049498,0.70912084,5.951008066
 02/24,0.770138889,77.15972222,3.236805556,111.0763889,276.2048611,55.81712963,28,-0.682903999,1.528421843,4.927994962
 02/25,-0.323263889,74.40625,2.636458333,107.8125,261.2222222,58.66319444,48.58333333,-1.913423271,1.244937465,5.75238982
 02/26,4.564583333,87.35416667,3.999652778,166.5277778,308.5798611,39.35069444,0.041666667,3.735269494,1.888638833,6.495825149
 02/27,10.18993056,88.68402778,2.905902778,223.9236111,324.2361111,57.84027778,15.70833333,9.197926162,1.37216932,8.488916239
 02/28,9.727430556,80.75347222,2.571180556,249.2708333,316.3541667,60.69097222,32.54166667,8.025656417,1.214113253,9.856068404
 03/01,1.327083333,80.86111111,6.1625,52.5,278.3402778,58.34722222,53.70833333,0.147417134,2.909936801,9.356324392
 03/02,2.739583333,76.5625,7.411805556,54.16666667,297.4375,40.25578704,0,1.223320036,3.499859757,7.324206489
 03/03,2.371875,74.81597222,5.373958333,48.92361111,293.75,43.46412037,1,0.77058923,2.537586876,6.387746705
 03/04,1.964236111,65.16319444,3.622222222,102.4305556,281.7673611,62.80787037,26.54166667,-0.327049534,1.710415862,7.523479744
 03/05,5.613888889,77.39930556,3.957638889,308.3680556,307.34375,60.99421296,12.08333333,3.988373261,1.868799846,8.466666386
 03/06,6.153125,81.10416667,2.528125,292.5347222,311.4895833,58.87152778,7.583333333,4.74983767,1.19378239,9.435325872
 03/07,6.083333333,74.84027778,1.751736111,180.1041667,312.4895833,47.32060185,3.958333333,4.198207687,0.827171014,9.611940404
 03/08,5.339236111,73.23611111,3.050347222,129.7222222,290.7083333,57.31134259,71.91666667,3.32684296,1.440376087,9.861011286
 03/09,2.754166667,73.15277778,3.154166667,129.7222222,259.9513889,47.42361111,188.5081019,0.746427831,1.489399702,8.817932947
 03/10,6.235416667,85.28472222,2.582986111,196.4583333,308.8090278,68.81018519,12.08333333,5.087369732,1.219687845,8.340537442
 03/11,7.941666667,73.27083333,2.807986111,169.6527778,299.0486111,71.47222222,82.29166667,5.613283926,1.325933002,10.18635985
 03/12,7.016666667,83.18055556,3.108680556,178.0902778,297.3368056,66.9375,32.375,5.709272912,1.467921128,10.58058058
 03/13,10.15486111,68.80208333,3.458333333,166.8402778,302.2256944,53.19444444,182.9583333,7.061864002,1.633027414,11.56462364
 03/14,9.143055556,77.81597222,2.815277778,190.6597222,310.4930556,78.21875,31.41666667,7.166868686,1.329376132,11.99613496
 03/15,11.22777778,74.26041667,3.217708333,203.9583333,315.3055556,47.80208333,208.4583333,8.587983088,1.519404121,12.6609496
 03/16,9.424652778,70.40972222,5.238194444,257.3263889,306.6458333,57.6875,6.625,6.873354372,2.473479073,11.27641974
 03/17,11.16215278,70.56597222,5.315972222,237.9166667,317.8055556,79.70486111,24.58333333,8.44704865,2.510205794,10.20310824
 03/18,8.522569444,68.4375,5.075347222,276.6666667,307.9548611,80.76388889,31,5.925570626,2.396582501,11.40777512
 03/19,6.017013889,59.94791667,3.5875,271.9791667,280.8472222,61.81597222,189.0416667,2.844258911,1.694020004,10.95812132
 03/20,7.546527778,59.29166667,3.7125,240.0347222,301.4513889,77.69444444,67.875,4.238739374,1.753045091,11.41595009
 03/21,8.913541667,86.48263889,3.933333333,222.5,318.3784722,62.18171296,4.083333333,7.814301341,1.857322745,11.11916508
 03/22,8.297569444,70.79861111,4.414930556,254.0625,306.6180556,75.66550926,126.775463,5.846866423,2.08473329,11.48402908
 03/23,5.804513889,58.80555556,5.268402778,259.4791667,275.9583333,74.02662037,165.7581019,2.593999532,2.487743469,10.25672083
 03/24,5.519444444,63.76736111,4.390277778,293.6458333,277.6805556,90.89814815,101.5844907,2.709841011,2.073092231,9.374585822
 03/25,4.6125,61.23611111,2.725694444,137.8819444,269.0763889,52.71180556,236.2916667,1.641721868,1.287074819,10.80107884
 03/26,2.614583333,67.19791667,1.829861111,120.2777778,259.4618056,71.66319444,197.75,0.194592877,0.864061694,10.92987376
 03/27,3.965972222,66.20138889,2.816319444,181.8402778,291.0243056,85.44444444,15.375,1.513635005,1.329868007,10.44308726
 03/28,5.909027778,61.81944444,3.257986111,166.7708333,300.5451389,86.23263889,17.25,2.933802226,1.538423316,10.23031736
 03/29,7.638194444,65.01388889,4.113541667,167.1527778,307.5104167,90.25,21.79166667,4.850419435,1.942417246,10.50813781
 03/30,9.732291667,73.32291667,5.420833333,207.8819444,315.2395833,78.38541667,10.79166667,7.381918986,2.559721284,9.960107889
 03/31,5.821527778,89.47222222,3.159375,160,294.59375,72.47916667,25.125,5.008679522,1.49185908,8.689092958
 04/01,9.514236111,81.60763889,6.244444444,229.1666667,318.3402778,84.26388889,18.54166667,7.902914471,2.948631025,10.83587377
 04/02,9.368402778,87.65277778,6.683333333,220.0694444,320.25,69.26967593,2.041666667,8.324530629,3.155874665,12.36424294
 04/03,6.650694444,73.48611111,4.231944444,233.9583333,286.0451389,86.64930556,184.8472222,4.509439701,1.99832712,12.70427759
 04/04,6.929166667,77.22916667,7.288888889,195.0694444,301.2673611,92.76736111,52.29166667,5.076015521,3.441818421,12.88657244
 04/05,7.423611111,73.56944444,5.865625,249.1319444,310.2152778,103.9953704,41.04166667,5.240329009,2.769752219,12.45065261
 04/06,6.422222222,80.56597222,6.037152778,210.9375,290.2673611,86.65509259,14.33333333,4.93630179,2.850747755,10.79064366
 04/07,8.003125,68.64930556,5.921527778,246.0763889,297.6736111,101.181713,62.54166667,5.409516079,2.79614955,10.47780413
 04/08,9.209027778,74.13194444,4.109027778,240.3472222,311.6875,104.4409722,67.875,6.922834034,1.940285785,12.15395683
 04/09,9.643055556,77.43402778,4.628819444,215.7638889,304.9930556,96.60763889,144.0833333,7.582439576,2.185731772,13.69367667
 04/10,11.14201389,72.32986111,5.194791667,180.1736111,319.75,107.474537,32.79166667,8.396820646,2.452984251,14.26958866
 04/11,11.50277778,78.55555556,5.141319444,190.4166667,315.8402778,110.4513889,35.125,9.534427331,2.42773463,14.5248919
 04/12,13.01631944,77.72222222,3.392708333,149.1319444,330.6944444,107.0381944,61.95833333,10.74618088,1.602039243,15.07383898
 04/13,9.046527778,83.11805556,5.436458333,56.5625,318.1666667,89.40277778,12.625,7.663379525,2.567099419,13.41078357
 04/14,7.094097222,66.01736111,6.083333333,42.32638889,292.9131944,62.75231481,273.25,4.345088224,2.872554246,12.48364294
 04/15,8.333680556,76.15277778,4.088541667,51.73611111,305.9201389,79.42592593,176.2916667,6.350602601,1.930612229,13.90199484
 04/16,5.698611111,63.17361111,5.659027778,63.19444444,280.8645833,103.7847222,202,2.831192139,2.672196866,14.20315431
 04/17,3.770833333,62.73958333,5.537847222,65.52083333,279.4652778,122.8298611,94.83333333,1.17872687,2.614975324,13.20184434
 04/18,4.465625,80.60416667,4.032291667,243.4375,290.3993056,116.2858796,48.75,3.077795836,1.904050939,12.36376009
 04/19,3.428472222,75.32986111,6.899652778,156.5625,283.4444444,114.4305556,76.95833333,1.755740095,3.258020857,11.46568948
 04/20,2.74375,70.20833333,3.066319444,237.9861111,266.1875,110.9756944,146.875,0.683001831,1.447918182,10.17704195
 04/21,5.228472222,78.26041667,3.517361111,258.7152778,297.6215278,113.3506944,37.16666667,3.628958182,1.660900372,9.824970845
 04/22,6.613194444,57.1875,4.240972222,316.6666667,284.5798611,123.0381944,152.6736111,3.123762491,2.002590043,11.73320265
 04/23,7.151041667,68.96875,1.683333333,263.9583333,304.7743056,125.8009259,38.58333333,4.534082471,0.794871175,12.96146291
 04/24,8.832638889,64.27083333,3.105555556,195.3819444,307.7152778,132.6712963,31.04166667,5.692546183,1.466445501,13.99222392
 04/25,7.210763889,64.92013889,3.664930556,95.10416667,294.3888889,128.3113426,80.81944444,4.288181787,1.730582766,13.73188602
 04/26,7.219791667,79.05555556,3.251736111,111.3541667,302.8055556,98.59722222,141.6388889,5.422635169,1.535472061,13.51295535
 04/27,7.066666667,70.29513889,3.112847222,68.125,285.1701389,68.22800926,293.7175926,4.391323506,1.469888631,12.53626102
 04/28,7.349652778,69.44097222,1.536111111,103.1944444,285.8090278,109.5752315,163.4490741,4.647112648,0.725352739,12.87660848
 04/29,6.706944444,84.88888889,4.921875,132.1875,307.1527778,92.16898148,2.75,5.552133428,2.32411281,13.10269478
 04/30,6.633333333,82.63888889,6.506944444,46.97916667,315.8888889,104.3761574,15.04166667,5.29224635,3.072583708,11.86117221
 05/01,10.96284722,74.28472222,4.837847222,295.0347222,320.3645833,87.39583333,187.7083333,8.593951506,2.284434835,14.1350761
 05/02,8.754861111,54.73263889,4.846527778,330.2430556,301.6944444,130.1851852,100.1666667,4.823277186,2.288533799,16.50652939
 05/03,7.979861111,58.56597222,2.528819444,178.6458333,293.2256944,135.6111111,119.0416667,4.404624864,1.194110307,16.5877113
 05/04,7.569791667,56.85416667,1.958333333,52.08333333,281.2013889,144.6631944,102.6666667,3.68398655,0.924726367,15.3724414
 05/05,9.420833333,59.3125,3.786458333,95.76388889,299.7569444,105.0659722,215.2083333,5.651553749,1.787968268,15.67860256
 05/06,9.440277778,55.48958333,3.216666667,56.70138889,298.9444444,80.51388889,274.9166667,5.431622225,1.518912245,17.52443468
 05/07,8.333680556,68.54861111,4.385069444,41.35416667,292.7430556,107.6319444,195.75,5.471548483,2.070632852,17.73983661
 05/08,9.204513889,68.51388889,6.445486111,37.74305556,300.7916667,125.9479167,159.5416667,6.243986322,3.04356304,17.47067923
 05/09,10.59583333,71.59722222,7.7625,37.39583333,317,122.6041667,111.5416667,7.946471667,3.665457918,16.98314042
 05/10,12.49930556,87.56944444,4.653125,47.43055556,342.3784722,110.9930556,79.25,11.26989592,2.197208873,17.03498743
 05/11,14.05659722,74.43055556,6.317708333,39.16666667,330.7326389,106.8310185,214.7916667,11.21227181,2.983226285,17.01509149
 05/12,12.89965278,73.76041667,5.953125,36.00694444,332.9340278,105.8726852,162.5833333,10.18464458,2.81106978,17.28640117
 05/13,9.597916667,80.09027778,3.479513889,88.26388889,321.7222222,107.7418981,121.4166667,7.822571902,1.643028887,17.66667306
 05/14,10.01284722,75.06944444,5.136805556,194.4444444,319.7048611,137.505787,65.70833333,7.782972695,2.425603169,17.57900932
 05/15,8.498611111,55.76736111,5.946875,226.8402778,293.46875,135,148.7916667,4.461034656,2.808118526,16.75614299
 05/16,9.658333333,83.02777778,6.2125,184.5138889,322.65625,110.4027778,57.66666667,8.194203049,2.933546836,16.09585582
 05/17,14.91875,79.06944444,6.638541667,162.0833333,348.6388889,142.3402778,29.66666667,12.72479231,3.134724008,16.50176317
 05/18,11.42465278,65.99652778,4.032291667,183.9583333,309.2916667,112.3287037,204.3333333,8.09124459,1.904050939,16.23669434
 05/19,11.37083333,67.47569444,1.946875,216.1805556,312.3506944,131.4814815,178.2083333,8.150152386,0.919315734,16.44457548
 05/20,8.522222222,84.13194444,3.220486111,318.5069444,315.5208333,103.0925926,2.416666667,7.245298181,1.520715789,16.70269493
 05/21,10.63402778,74.20833333,3.135763889,250.625,321.1423611,144.724537,90.625,8.163104808,1.480709897,16.18549366
 05/22,12.05347222,73.78472222,2.445833333,151.6319444,315.0104167,148.625,36.91666667,9.409152026,1.154924207,17.1702003
 05/23,15.08368056,65.82986111,4.135069444,93.09027778,340.7256944,143.2430556,63.75,11.31717589,1.952582678,17.91717396
 05/24,16.72569444,67.13888889,4.454513889,73.26388889,343.1180556,152.1597222,53.375,12.87174129,2.103424567,18.93649948
 05/25,12.28541667,79.74305556,5.449652778,59.16666667,337.2881944,127.1527778,20.875,10.27153401,2.573329845,17.53084442
 05/26,10.00243056,87.33333333,6.106944444,48.50694444,332.9201389,105.7361111,2.291666667,8.915499092,2.883703429,15.17193729
 05/27,9.997222222,90.86805556,3.271527778,46.52777778,330.5,106.1076389,2.291666667,9.214877951,1.5448177,15.20419529
 05/28,10.89756944,84.03819444,3.075694444,170.5902778,319.9861111,150.8958333,46.16666667,9.384892112,1.452345063,15.61357655
 05/29,12.81770833,78.57638889,3.407291667,179.4791667,321.2673611,140.90625,114.6666667,10.60195394,1.608925503,16.92585333
 05/30,12.54618056,80.66319444,6.645486111,194.6180556,338.0034722,138.8020833,28.04166667,10.71509285,3.13800318,17.41310611
 05/31,13.22638889,60.64583333,6.497569444,237.0833333,317.9652778,125.4513889,221.125,9.145237191,3.068156827,17.66516042
 06/01,13.46354167,85.71180556,3.120833333,151.5277778,341.7743056,129.8310185,55.25,11.99389656,1.473659678,17.54861522
 06/02,12.62430556,79.96180556,2.652083333,199.0625,331.2048611,152.0740741,74.58333333,10.63600118,1.252315601,17.51937414
 06/03,12.99375,85.29513889,2.834375,162.8472222,334.5590278,150.1990741,29.75,11.57972163,1.338393853,17.94616039
 06/04,14.48854167,73.35416667,2.682638889,206.5625,330.8888889,162.9224537,67.5,11.6535247,1.266743956,18.78024475
 06/05,13.30590278,76.16666667,4.739236111,39.79166667,340.2708333,130.0393519,151.875,10.91443004,2.237870599,20.11960075
 06/06,12.03194444,69.91319444,6.4875,51.90972222,318.9791667,91.3599537,306.2083333,9.07843915,3.063402028,20.00120855
 06/07,16.93194444,76.67708333,3.44375,75.79861111,348.9895833,156.4861111,63.83333333,14.25711174,1.626141154,20.53772035
 06/08,18.09930556,74.37152778,4.896527778,208.1597222,359.3541667,109.1342593,240.2083333,15.09678323,2.312143834,20.71856749
 06/09,15.96770833,71.66319444,3.982638889,266.7708333,353.5555556,160.6145833,45.625,12.89440474,1.880604863,20.27375231
 06/10,14.26736111,67.45833333,3.697222222,235.0694444,335.2152778,166.0358796,46.75,10.876007,1.745830914,20.4573424
 06/11,13.39618056,84.44097222,4.661111111,218.9930556,346.0902778,113.4930556,3.708333333,11.9031647,2.20097992,19.36536265
 06/12,14.13680556,59.11458333,4.4125,255.9722222,325.9166667,136.1076389,208.875,9.770152373,2.08358558,19.42018038
 06/13,11.871875,70.89236111,4.188888889,218.1944444,321.5451389,162.7395833,35.125,9.019124265,1.977996257,19.62346367
 06/14,12.82673611,58.22222222,6.267013889,281.2152778,323.2152778,115.7604167,246.7083333,8.625951974,2.959288332,19.80232338
 06/15,11.28888889,57.1875,4.557638889,315.1041667,307.28125,148.59375,170.2083333,7.195062655,2.152120264,18.55686667
 06/16,11.14444444,69.75347222,0.758333333,112.0833333,317.1180556,113.6006944,2,8.313992163,0.358085529,17.25263597
 06/17,14.68645833,65.74305556,1.553125,127.8819444,339.1388889,110.6423611,215.9166667,11.01750015,0.733386709,18.70416529
 06/18,14.10486111,72.26041667,2.151041667,70.86805556,334.4236111,130.2430556,177.6666667,11.26014074,1.015723376,20.77784334
 06/19,15.07222222,50.5625,2.787847222,43.71527778,315.8819444,113.1493056,284.5,9.231164541,1.316423404,21.31003628
 06/20,16.41979167,65.45833333,5.511805556,50.59027778,334.0034722,113.8854167,250.7083333,12.47695382,2.60267843,22.0008524
 06/21,15.39756944,76.03819444,3.453819444,53.99305556,346.9756944,133.9027778,136.5833333,12.72777822,1.630895952,21.6298749
 06/22,17.15104167,71.17708333,1.775,76.28472222,346.0069444,92.99652778,297.25,13.47895333,0.838156239,20.94823137
 06/23,15.06215278,83.55902778,3.233680556,78.88888889,358.8888889,125.8125,23.20833333,13.39790994,1.526946215,20.76711769
 06/24,12.18576389,93.42013889,3.246180556,50.69444444,353.9270833,109.2013889,2.875,11.58922823,1.532848724,19.1185589
 06/25,15.6,71.40625,1.358333333,62.91666667,348.7777778,114.8888889,210.0833333,12.33795045,0.641405948,19.24555707
 06/26,15.83923611,78.03472222,2.517013889,253.3680556,349.9305556,150.1770833,42,13.46042526,1.188535715,20.8765563
 06/27,12.14201389,67.79513889,5.074305556,322.0833333,329.1423611,131.1527778,52.54166667,9.083115693,2.396090625,19.85234224
 06/28,14.58611111,69.18402778,4.667013889,297.1180556,340.21875,151.8923611,95.08333333,11.33861257,2.203767216,19.64950612
 06/29,16.37569444,76.26388889,4.821180556,274.3055556,365.3125,153.2048611,40.29166667,13.77140769,2.276564823,19.45235529
 06/30,13.37569444,74.3125,2.507986111,204.7916667,342.0243056,147.25,86.5,10.7777499,1.184272792,18.6893134
 07/01,15.66354167,75.65277778,2.607291667,202.5,349.0486111,136.8888889,144.2916667,12.99507758,1.231164945,20.75146066
 07/02,16.39826389,75.40625,2.201041667,129.1319444,344.4340278,123.7881944,227.0833333,13.47809971,1.039333411,22.59648145
 07/03,16.85381944,87.53472222,3.617361111,68.33333333,362.7951389,130.1111111,36.5,15.43537019,1.708120441,22.53738744
 07/04,18.67604167,78.60416667,5.327430556,53.57638889,361.0138889,135.3645833,180.7083333,16.01959465,2.515616427,22.8593775
 07/05,19.22291667,76.43402778,5.118055556,59.6875,350.3125,83.70138889,342.4583333,16.26357778,2.416749406,23.73823585
 07/06,18.81840278,75.72916667,3.165277778,118.5069444,357.1527778,91.54166667,284.75,15.8159498,1.494646376,23.14188351
 07/07,18.58680556,69.65277778,2.508333333,112.9861111,351.8958333,136.9583333,186.7083333,14.76170872,1.184436751,22.78139361
 07/08,16.19791667,85.68055556,4.447916667,186.2152778,362.03125,128.5486111,22.08333333,14.70720141,2.100309354,22.51510205
 07/09,16.97395833,66.17361111,4.56875,244.3402778,353.6215278,136.3055556,161.1666667,13.09802592,2.157366939,21.89182593
 07/10,18.16736111,72.02083333,3.363888889,157.7083333,347.6736111,152.9305556,120.5416667,14.73625424,1.588430681,22.69995193
 07/11,18.76388889,78.20486111,4.249652778,197.1180556,361.9791667,151.4722222,78.41666667,16.1802131,2.006689008,23.4585391
 07/12,15.59201389,75.6875,5.467013889,221.5625,350.1354167,153.96875,52.75,13.01483331,2.581527774,22.15174143
 07/13,16.790625,79.23263889,3.832291667,221.5972222,362.8611111,144.4050926,47.83333333,14.52648503,1.8096108,20.67933043
 07/14,17.54131944,64.24305556,3.375694444,268.5763889,347.9131944,87.67013889,303.7916667,13.24327207,1.594005273,21.24162411
 07/15,16.53506944,68.67361111,4.400347222,254.2361111,355.8645833,156.5092593,77.41666667,13.03801181,2.07784703,22.67672289
 07/16,16.00243056,67.30555556,3.481944444,261.3541667,341.2743056,148.9907407,84.25,12.34528157,1.644176597,22.33365724
 07/17,15.82743056,67.20833333,1.8625,252.5,336.9513889,133.4178241,47.79166667,12.19094609,0.8794738,21.92396618
 07/18,16.01805556,79.53472222,4.180208333,227.1527778,363.34375,134.6956019,92.75,13.71134118,1.973897293,21.7496761
 07/19,16.06944444,72.08333333,2.911458333,258.0902778,362.3402778,151.0185185,43.5,13.02801374,1.374792657,21.79151462
 07/20,16.32708333,69.47222222,2.483680556,280.7638889,352.3923611,155.9965278,57.45833333,12.92820173,1.172795692,21.09314492
 07/21,16.371875,70.65277778,1.470833333,236.7708333,348.7951389,144.119213,111.8333333,13.07540885,0.694528527,21.10499206
 07/22,17.23506944,74.06597222,2.418055556,134.2708333,344.78125,151.8472222,35.375,14.10208468,1.141807521,22.16438829
 07/23,17.06527778,79.51041667,3.812152778,185.2083333,350.1875,146.6053241,32.5,14.78151266,1.800101202,22.27044583
 07/24,14.57916667,80.57291667,3.757638889,244.5138889,332.1944444,150.5833333,89.29166667,12.55221968,1.774359706,21.26967447
 07/25,16.03819444,80.73263889,3.509722222,117.1527778,359.9965278,136.5972222,79,13.87537402,1.657293283,20.91402635
 07/26,17.80138889,76.91666667,2.364930556,210.7291667,363.4722222,139.03125,60.45833333,15.05595808,1.116721859,22.00875563
 07/27,18.34791667,74.75,2.599652778,225.3472222,357.3020833,119.3784722,193.7916667,15.27330442,1.227557856,21.94913733
 07/28,18.41493056,76.91666667,2.138888889,107.6388889,355.7673611,124.6423611,184.9166667,15.55930789,1.009984826,22.36097351
 07/29,20.59895833,63.51041667,4.136458333,89.375,360.8854167,99.21180556,231.7916667,15.53276077,1.953238512,23.89485469
 07/30,17.3,81.60416667,2.105902778,171.6666667,351.4270833,136.4895833,29.75,15.23784686,0.994408762,23.4779595
 07/31,17.61041667,77.34027778,3.315625,232.2222222,362.9201389,144.2048611,71.95833333,14.90948672,1.565640439,21.90816625
 08/01,16.24722222,66.23263889,3.878125,253.6458333,348.3645833,137.1805556,109.8333333,12.46363583,1.831253332,21.93096883
 08/02,15.92604167,66.10416667,2.300347222,295.6597222,350,145.8194444,57.125,12.20975646,1.086225564,21.86967896
 08/03,13.97361111,73.86458333,1.379861111,241.5277778,337.9548611,144.8576389,32.66666667,11.11431797,0.65157138,20.64132858
 08/04,16.57673611,62.79861111,2.563194444,102.5694444,331.2395833,106.0208333,250.375,11.67913841,1.210342206,20.69804994
 08/05,19.50104167,52.37847222,4.395833333,134.7569444,347.3159722,141.3703704,66.91666667,12.96960559,2.075715568,22.65075992
 08/06,16.11111111,76.11458333,3.383333333,176.4930556,353.3368056,120.8877315,48.41666667,13.4580744,1.597612361,22.28041268
 08/07,14.97326389,73.69444444,3.586111111,268.2986111,347.15625,103.0891204,147.5833333,12.07713469,1.69336417,21.33722167
 08/08,15.29340278,71.15625,3.496180556,194.9305556,336.9305556,134.0960648,31.83333333,11.97045338,1.650898899,21.32903754
 08/09,17.42361111,75.76388889,3.891666667,180.1736111,367.2118056,127.5115741,30.08333333,14.54144339,1.837647716,21.24961748
 08/10,15.92361111,81.54513889,4.184375,194.0972222,354.9618056,118.5011574,140.0833333,13.79800974,1.975864796,20.71883093
 08/11,15.47569444,83.66666667,2.708680556,54.93055556,353.2395833,134.1851852,31.91666667,13.64065712,1.279040849,19.8403083
 08/12,16.96736111,74.12847222,3.2,237.2569444,350.3194444,125.0196759,113.5,13.90577696,1.511042233,21.44141421
 08/13,17.03368056,74.46527778,3.807986111,330.8333333,341.5729167,114.2361111,165.4166667,14.04511868,1.7981337,22.37402144
 08/14,15.86284722,83.55902778,2.094444444,140.3819444,358.0277778,106.2569444,13.95833333,14.0967005,0.988998129,22.05815713
 08/15,17.01631944,73.89930556,1.270833333,111.9097222,345.5972222,90.32291667,207.7083333,13.83856765,0.600088387,22.34509411
 08/16,18.01944444,68.00347222,1.949305556,190.4861111,337.4340278,87.89583333,218.4166667,13.84265805,0.920463444,23.20478692
 08/17,18.98263889,68.69791667,2.035416667,209.0972222,349.0555556,106.4236111,159.4166667,14.96590208,0.961125171,22.58257072
 08/18,22.03298611,53.47569444,4.071180556,176.7361111,360.4166667,86.21527778,246.7916667,15.26309413,1.9224143,22.83713126
 08/19,22.85034722,53.03472222,2.877430556,182.7777778,372.9548611,71.17361111,277.7916667,15.99393792,1.358724717,24.64208424
 08/20,19.16180556,78.22569444,1.859027778,291.7708333,357.8402778,117.5219907,21.75,16.57732512,0.877834214,24.18372911
 08/21,18.45416667,67.71180556,2.607291667,242.7777778,358.4444444,94.48263889,200.1666667,14.50143423,1.231164945,23.22459094
 08/22,15.50763889,73.60416667,4.225694444,182.1875,339.8090278,116.5138889,90.83333333,12.40838176,1.995375866,22.55916132
 08/23,14.83055556,87.80902778,4.017013889,173.2291667,353.3958333,112.59375,96.08333333,13.55044162,1.896836762,21.31462857
 08/24,14.73715278,83.15277778,4.736458333,217.3263889,344.5798611,119.7581019,29.54166667,12.98859198,2.236558931,19.40761956
 08/25,14.76909722,79.04513889,4.010069444,233.5763889,342.0243056,119.962963,42,12.58015813,1.893557591,18.82787923
 08/26,13.40138889,85.22222222,3.662847222,226.3194444,336.1006944,116.0740741,51.625,11.91590643,1.729599015,19.67094083
 08/27,13.79895833,82.24652778,1.539930556,232.7083333,342.0555556,114.9849537,37.25,11.97324602,0.727156283,19.95323396
 08/28,13.58854167,83.64583333,2.950347222,221.5625,336.5555556,113.0578704,66.08333333,11.86299737,1.393156018,20.23371237
 08/29,13.68541667,73.81597222,6.521875,315.9375,326.7395833,111.9375,32.5,11.04661515,3.079633927,20.06296445
 08/30,12.95208333,80.53125,3.846180556,311.4236111,334.0520833,95.6087963,27.29166667,11.06993515,1.816169143,19.55206218
 08/31,13.45902778,67.68402778,3.75,312.0486111,320.4965278,115.7048611,54.75,10.09057104,1.770752617,18.43341206
 09/01,16.21736111,70.42708333,1.769097222,257.3611111,363.3854167,109.1770833,31.75,12.9913119,0.835368943,18.06197237
 09/02,14.721875,73.57986111,3.196180556,311.1805556,344.15625,108.3576389,29.20833333,11.98670362,1.509238689,18.69063869
 09/03,13.17569444,70.20138889,2.970486111,278.6111111,325.7430556,104.369213,88.41666667,10.11305742,1.402665615,18.26845319
 09/04,13.34756944,81.71527778,1.110069444,181.4930556,335.9861111,80.84953704,141.25,11.35645846,0.524175566,18.56692408
 09/05,12.865625,81.52430556,2.940972222,259.0972222,336.8090278,101.9328704,28.5,11.03678527,1.388729136,18.19261347
 09/06,14.59201389,74.03472222,3.624652778,186.25,347.8125,104.4409722,28.20833333,11.7666459,1.711563572,17.68959441
 09/07,15.76041667,92.69097222,4.917361111,91.25,362.2118056,95.95833333,18,14.99386529,2.321981349,16.75225001
 09/08,15.41458333,78.17013889,4.553125,293.6458333,355.6493056,102.7569444,26,13.10218339,2.149988803,16.42415739
 09/09,15.534375,69.9375,3.520486111,246.7708333,332.0798611,77.48263889,191.2083333,12.16124058,1.662375999,18.2886291
 09/10,12.72881944,86.16666667,2.022222222,128.7847222,328.9340278,87.39236111,61.875,11.28004383,0.954894745,18.31246393
 09/11,14.33159722,76.31597222,3.519097222,271.2152778,342.2013889,93.37152778,105.8333333,11.7746579,1.661720165,17.93734095
 09/12,11.921875,84.14236111,1.958680556,154.6875,327.6458333,91.15509259,76.08333333,10.35439147,0.924890325,18.11035335
 09/13,12.36076389,83,0.621527778,129.7222222,328.4618056,93.1724537,87.79166667,10.59423294,0.29348585,17.69614518
 09/14,12.02673611,88.13541667,1.759027778,97.04861111,320.4340278,83.49768519,16.75,10.81998234,0.830614144,16.16804552
 09/15,12.69965278,94.19097222,2.996180556,78.54166667,350.9895833,70.77662037,6.166666667,12.15619994,1.41479855,15.15100413
 09/16,12.821875,88.01736111,3.099305556,82.74305556,338.4340278,82.83796296,19.875,11.67045973,1.463494247,15.87814243
 09/17,13.64270833,90.03125,3.8625,37.56944444,351.7291667,87.04861111,19.41666667,12.66373537,1.823875196,16.55113254
 09/18,15.88819444,83.15625,5.663194444,37.56944444,359.4409722,85.7974537,86.60185185,14.0511955,2.674164369,17.56045147
 09/19,14.66111111,75.17361111,5.807638889,25.27777778,348.7881944,82.94675926,89.75,12.08244408,2.742371137,18.43077147
 09/20,12.28506944,76.25347222,3.161458333,216.1458333,319.2986111,89.18055556,35.16666667,9.916082175,1.492842832,17.89977004
 09/21,13.84583333,77.11111111,1.95,313.4722222,325.9027778,83.75694444,33.29166667,11.34204753,0.920791361,16.06187376
 09/22,14.81319444,78.02777778,2.672222222,267.3263889,353.1597222,82.87152778,36.79166667,12.5155878,1.261825198,16.38352499
 09/23,13.025,72.47916667,3.175,256.6666667,315.0104167,51.42708333,219.9166667,10.16394801,1.499237216,17.80018738
 09/24,11.51493056,75.58333333,6.769097222,276.1111111,322.6319444,66.95138889,142.2916667,9.261786858,3.196372433,18.01207078
 09/25,11.77777778,78.93055556,4.939236111,232.7083333,321.6631944,81.625,33.29166667,9.804515184,2.332310739,16.72070825
 09/26,13.73611111,85.56944444,3.486805556,254.8263889,341.9236111,60.95138889,6.5,12.34907898,1.646472017,16.67942981
 09/27,10.81145833,67.82291667,6.125,263.6458333,307.8958333,56.5,179,7.818999806,2.892229275,16.77316032
 09/28,8.625,73.90625,2.765972222,266.4583333,294.6180556,61.31481481,167.375,6.395749353,1.306094014,15.45348543
 09/29,9.409027778,75.88888889,2.345833333,232.7083333,300.4097222,69.30787037,138.625,7.125439665,1.107704137,14.91838574
 09/30,9.901388889,87.39930556,2.334027778,112.8125,316.21875,68.61805556,56.875,8.685800044,1.102129546,15.82799187
 10/01,9.282291667,75.41666667,3.263194444,177.0833333,300.4305556,70.07638889,84.70833333,7.036106273,1.540882694,14.87409298
 10/02,9.275347222,78.72222222,1.915972222,148.7847222,295.6423611,54.3900463,170.7083333,7.235332127,0.904723421,14.37989063
 10/03,8.355902778,84.42708333,1.403472222,145.625,298.8715278,69.34606481,68.58333333,6.915259647,0.662720563,13.8479916
 10/04,9.982986111,89.82638889,3.379861111,145.5902778,321.5798611,56.82523148,7.208333333,9.040860062,1.595972776,13.27089313
 10/05,11.67638889,82.27777778,3.625694444,239.9652778,326.7291667,63.35648148,74.625,9.9894402,1.712055447,12.56146219
 10/06,11.51597222,70.44791667,7.282986111,235.9722222,321.1770833,56.40972222,144.1666667,8.716382833,3.439031125,12.87644308
 10/07,9.745833333,59.67361111,8.516666667,263.3333333,301.0798611,62.32986111,104.2083333,6.150301888,4.021575944,13.46634219
 10/08,10.13958333,75.97569444,6.763194444,222.8472222,318.5173611,63.51388889,12.58333333,8.074707045,3.193585137,12.8816152
 10/09,10.09375,84.69791667,3.760763889,245.8333333,318.75,62.85763889,13.58333333,8.731609908,1.775835333,13.18988518
 10/10,7.110069444,76.54513889,3.497222222,227.0833333,290.2569444,63.47222222,57.5,5.122525037,1.651390774,12.57272532
 10/11,7.888194444,83.02083333,6.203472222,88.78472222,296.9131944,62.09490741,14.625,6.455867859,2.929283913,12.02291646
 10/12,9.842013889,90.79861111,3.484027778,112.4305556,325.4375,62.48958333,34.45833333,9.035676672,1.645160348,11.46907442
 10/13,9.112847222,86.06944444,2.954513889,168.6111111,308.6145833,60.80902778,26.25,7.869725234,1.39512352,11.25154027
 10/14,8.065277778,94.09027778,2.286458333,31.07638889,299.2152778,41.31018519,0.625,7.55075982,1.079667221,11.56191628
 10/15,11.24930556,92.24305556,4.238194444,57.98611111,347.9409722,40.89236111,0.75,10.56098531,2.001278375,12.33908954
 10/16,12.12777778,90.97569444,4.248958333,81.38888889,352.59375,45.97916667,8.458333333,11.30770575,2.006361091,13.20427337
 10/17,11.63541667,87.10763889,4.582638889,91.31944444,349.9722222,37.19097222,0,10.47646376,2.163925282,13.31226821
 10/18,13.56770833,96.13194444,4.514236111,90.38194444,360.1354167,36.20601852,0,13.19744236,2.131625442,13.53451224
 10/19,14.94201389,88.53472222,3.428472222,151.7708333,351.2048611,53.63425926,29.875,13.76674125,1.618926976,13.38757152
 10/20,11.59826389,90.45486111,1.498958333,237.8819444,326.0277778,51.02314815,59.31944444,10.68242218,0.707809171,13.10835476
 10/21,9.4125,91.55555556,2.372222222,140.1041667,300.6840278,51.04513889,36.55671296,8.619066309,1.120164989,13.04939975
 10/22,12.35763889,88.96527778,2.484027778,138.2638889,326.2881944,50.67476852,13.5,11.32011434,1.17295965,13.5005662
 10/23,11.06631944,93.71527778,3.024652778,107.9861111,330.4513889,34.58680556,0.166666667,10.5093608,1.428243153,13.36029481
 10/24,11.1125,92.29166667,2.2625,165.4861111,319.1631944,46.20023148,72.54166667,10.38752318,1.068354079,13.61086332
 10/25,13.30069444,91.86458333,4.315277778,147.9166667,350.84375,40.87847222,19.66666667,12.51161628,2.037677179,13.87822846
 10/26,14.34340278,84.44791667,5.549652778,166.9097222,339.9756944,46.33333333,14.25,12.79984012,2.620549915,13.04582663
 10/27,13.12708333,78.67708333,4.988541667,221.6319444,334.7708333,43.93287037,62.79166667,11.05266207,2.355592857,13.05391642
 10/28,8.686805556,77.38541667,2.716666667,226.3194444,296.9201389,44.72453704,26.16666667,6.759316489,1.282811896,13.25490627
 10/29,2.7,80.95138889,1.541666667,79.16666667,259.8368056,28.93402778,161.3194444,1.348430648,0.727976076,12.08374779
 10/30,1.220833333,85.72222222,1.111458333,66.84027778,252.9791667,43.97222222,67.375,0.247346568,0.524831401,10.77396559
 10/31,1.742361111,86.80555556,0.421875,88.99305556,254.6840278,27.14930556,160.9166667,0.740432906,0.199209669,10.45261741
 11/01,8.453819444,78.37152778,3.871527778,272.8819444,312.2743056,37.13541667,76.25,6.610275811,1.828138119,10.30907897
 11/02,6.126388889,85.55208333,3.832638889,324.3055556,297.1423611,37.60763889,16.33333333,5.043382832,1.809774758,7.985198611
 11/03,5.498958333,72.95833333,4.673958333,327.9166667,284.5243056,33.7349537,96.33333333,3.497381933,2.207046387,6.989757997
 11/04,6.09375,73.53125,4.280208333,329.1666667,291.375,32.18055556,99.41666667,4.096079018,2.021117362,8.483561591
 11/05,5.272569444,84.59027778,3.011805556,142.1527778,283.3402778,31.29976852,100.7083333,4.112570461,1.422176685,8.638104497
 11/06,5.245138889,89.09722222,1.970486111,85.38194444,300.6076389,37.90625,12.04166667,4.408675945,0.930464917,8.190450591
 11/07,7.000347222,85.67013889,2.838541667,72.11805556,310.9201389,37.76851852,21.33333333,5.869741572,1.340361356,8.514715334
 11/08,5.764583333,85.95486111,4.015972222,101.25,299.7222222,31.64583333,8.375,4.685554917,1.896344886,8.190405701
 11/09,5.940625,90.93402778,3.688541667,125.1388889,307.8854167,25.65972222,1.416666667,5.286810468,1.741731949,6.788133393
 11/10,10.465625,95.98958333,2.907986111,186.9444444,335.1180556,26.50462963,9.208333333,10.11535939,1.373153071,7.048660059
 11/11,10.725,83,3.120833333,218.8888889,324.3298611,31.19791667,53.04166667,9.210639859,1.473659678,9.225213626
 11/12,12.70972222,95.70486111,3.271875,191.1458333,357.0381944,25.22106481,5.083333333,12.31622148,1.544981659,10.19086134
 11/13,12.40590278,87.85069444,4.115972222,206.4236111,338.7326389,33.05555556,35.125,11.26843013,1.943564956,10.85907368
 11/14,10.80833333,79.26388889,4.675,267.2569444,322.7118056,32.14351852,25.58333333,8.933801964,2.207538263,10.64233131
 11/15,10.61319444,76.77083333,5.161458333,252.9513889,322.0173611,30.80902778,11.125,8.570046244,2.437244228,10.13944564
 11/16,13.51840278,84.85069444,7.196527778,227.8125,352.3819444,27.98958333,9.875,12.03390458,3.39820544,9.282840695
 11/17,10.96145833,85.95833333,4.586458333,255.3472222,334.1041667,29.40625,10.125,9.711619593,2.165728826,8.96274369
 11/18,8.325694444,66.46875,6.196875,263.8194444,294.7743056,29.76388889,56.39236111,5.548061439,2.9261687,9.380070828
 11/19,6.546875,79.88194444,3.725,234.8611111,294.5069444,20.61689815,3.291666667,5.012606383,1.7589476,8.624155442
 11/20,3.835069444,83.60069444,3.409027778,265.5902778,282.0034722,28.4837963,63.89814815,2.676002472,1.609745296,8.038666182
 11/21,3.575,87.89583333,1.649305556,211.9791667,292.3958333,27.25231481,15.75,2.746901221,0.778803234,7.425353391
 11/22,0.432291667,94.50694444,0.680208333,172.2569444,268.6388889,23.26851852,27.875,0.08368581,0.32119485,6.392928273
 11/23,2.399305556,94.79166667,4.585763889,148.5763889,291.0520833,19.62268519,2.708333333,2.048963454,2.165400909,4.862344982
 11/24,4.006597222,89.60069444,5.966319444,90.90277778,299.1284722,19.33912037,3.5,3.292541704,2.817300206,4.893649932
 11/25,3.922916667,93.31944444,2.892013889,42.84722222,303.3854167,20.10416667,4.833333333,3.466904286,1.365610977,6.282863505
 11/26,6.011458333,78.19791667,7.483680556,17.15277778,302.3784722,24.41666667,10.25,4.382515088,3.533799182,7.215426188
 11/27,4.677083333,86.75,3.955555556,123.3680556,297.34375,23.96180556,9.75,3.748118669,1.867816094,7.389958152
 11/28,5.481944444,88.4375,3.162152778,165.9027778,307.7048611,23.37152778,9.416666667,4.64688476,1.493170749,7.370860507
 11/29,4.115972222,88.72569444,2.186458333,268.2291667,291.4340278,23.53125,12.32291667,3.322330022,1.032447151,7.277498855
 11/30,5.796875,76.23958333,3.292708333,45.59027778,306.1631944,22.89930556,9.166666667,4.048743384,1.554819173,6.266326725
 12/01,8.061805556,93.74652778,2.604513889,116.7361111,318.125,20.36111111,4.958333333,7.559997028,1.229853276,6.209652967
 12/02,6.045138889,94.50347222,2.219791667,234.5486111,309.8645833,20.40277778,4.416666667,5.640031817,1.048187174,7.129991711
 12/03,7.173611111,93.54513889,4.900694444,178.1597222,316.5451389,13.25694444,0,6.684240293,2.314111337,7.244280805
 12/04,8.351388889,94.08333333,2.927430556,201.5277778,321.6388889,19.34259259,2.75,7.877511413,1.382334752,7.792579179
 12/05,10.10416667,86.57986111,5.2125,198.9583333,319.0451389,19.05787037,40.375,8.937834688,2.461346138,8.557394014
 12/06,6.594097222,79.16319444,3.645833333,240.1736111,286.9930556,18.34259259,77.29166667,5.002620591,1.721565045,8.642607497
 12/07,7.142361111,82.31944444,5.539236111,209.8611111,289.6076389,19.88888889,12.91666667,5.742549804,2.615631158,6.903144552
 12/08,3.81875,90.40277778,2.686111111,231.5625,281.71875,18.11805556,69.08333333,3.13534861,1.268383541,5.634797005
 12/09,5.077777778,83.06944444,2.929513889,279.8958333,279.5069444,18.29398148,61.41666667,3.833519605,1.383318503,6.770767331
 12/10,5.692361111,83.24305556,2.632986111,256.0763889,277.7430556,18.76388889,58.91666667,4.434253996,1.243297879,7.261122449
 12/11,1.4625,94.37152778,0.709027778,112.2569444,266.2222222,17.95601852,76.04166667,1.09347724,0.334803412,6.640878205
 12/12,2.30625,99.78472222,1.925347222,134.0625,297.2395833,11.92592593,0,2.29238625,0.909150302,5.909251754
 12/13,3.331597222,96.77430556,2.891319444,121.7708333,303.9027778,11.84259259,0,3.120910195,1.36528306,5.838705104
 12/14,4.934375,86.42013889,3.582291667,188.5416667,295.6805556,19.16666667,13.75,3.950440286,1.691560625,5.308192557
 12/15,0.8375,98.72916667,2.326388889,162.7777778,272.1215278,17.34027778,27.58333333,0.766435625,1.098522457,4.307201971
 12/16,2.958333333,98.07986111,2.475694444,145.2430556,301.7708333,11.60416667,0,2.834897428,1.169024645,5.268122192
 12/17,3.702430556,83.70486111,4.190277778,245.2430556,282.3333333,15.30787037,2.5,2.591008887,1.978652091,5.735286283
 12/18,2.411111111,84.05208333,4.657986111,230.9722222,264.8715278,18.91782407,20.29166667,1.321716152,2.199504293,5.660647406
 12/19,7.695138889,88.28819444,4.668055556,222.5694444,306.2326389,18.95601852,42.95833333,6.758146062,2.204259091,6.78024216
 12/20,8.332638889,89.57638889,4.166666667,239.2708333,317.0381944,18.89236111,11.08333333,7.501880284,1.967502908,7.914266952
 12/21,4.687152778,72.15277778,4.090277778,264.9652778,275.9027778,19.13888889,38.75,2.719720904,1.931432022,6.420949869
 12/22,6.757986111,90.125,5.405208333,213.5069444,311.9236111,11.49305556,0,6.037135467,2.552343148,5.449616609
 12/23,11.14027778,90.875,5.0625,213.4375,338.9166667,18.2974537,2.958333333,10.33108289,2.390516033,7.736672641
 12/24,6.046527778,76.81597222,5.969791667,269.1319444,294.9722222,17.62615741,35.20833333,4.330682462,2.818939792,8.378487059
 12/25,3.326736111,90.06597222,4.101041667,211.4236111,277.2291667,16.43634259,8.166666667,2.676885254,1.936514737,6.758756412
 12/26,0.719097222,87.04513889,3.311805556,184.1666667,259.3194444,17.94444444,71.75,-0.066168305,1.563836895,6.084777075
 12/27,1.149652778,91.79513889,2.258680556,120,270.4930556,17.34375,69.04166667,0.636273855,1.066550535,5.903978311
 12/28,0.461458333,93.83333333,1.667013889,180.3819444,269.1354167,19.68402778,17.5,0.088847443,0.787165122,4.088329296
 12/29,1.814236111,95.35069444,2.612847222,187.1527778,284.3993056,15.19791667,1.583333333,1.526135026,1.233788282,3.377051374
 12/30,6.214236111,99.59027778,1.482986111,169.9652778,320.3993056,11.81597222,0,6.184867534,0.700267077,5.7147359
 12/31,6.257638889,83.00347222,4.375,298.3680556,293.3159722,18.92708333,23.95833333,5.016196201,2.065878054,7.085917482
